round,agent_id,move,payoff,q_cooperate,q_defect
0,0,cooperate,0.7894736842105263,,
0,1,cooperate,0.3157894736842105,,
0,2,cooperate,0.3157894736842105,,
0,3,cooperate,0.3157894736842105,,
0,4,defect,2.263157894736842,,
0,5,cooperate,0.631578947368421,,
0,6,defect,2.263157894736842,,
0,7,cooperate,0.15789473684210525,,
0,8,defect,1.4210526315789473,,
0,9,cooperate,0.631578947368421,,
0,10,defect,1.631578947368421,,
0,11,defect,1.631578947368421,,
0,12,defect,1.4210526315789473,,
0,13,cooperate,0.0,,
0,14,defect,1.4210526315789473,3.952152602746123,7.5879115579079235
0,15,defect,1.0,3.6566889381367242,7.802249676477665
0,16,defect,1.2105263157894737,4.210481687915202,7.232464214544486
0,17,defect,1.2105263157894737,4.27393650269984,7.73626465918886
0,18,cooperate,0.3157894736842105,,
0,19,defect,1.4210526315789473,3.694140969503111,7.090746810532353
1,0,defect,1.2105263157894737,,
1,1,defect,1.2105263157894737,,
1,2,defect,1.0,,
1,3,defect,1.2105263157894737,,
1,4,defect,1.631578947368421,,
1,5,defect,1.2105263157894737,,
1,6,defect,1.8421052631578947,,
1,7,cooperate,0.0,,
1,8,cooperate,0.0,,
1,9,defect,1.2105263157894737,,
1,10,defect,1.2105263157894737,,
1,11,defect,1.4210526315789473,,
1,12,defect,1.0,,
1,13,cooperate,0.0,,
1,14,defect,1.0,3.952152602746123,7.5879115579079235
1,15,cooperate,0.0,3.6566889381367242,7.802249676477665
1,16,defect,1.0,4.210481687915202,7.232464214544486
1,17,defect,1.2105263157894737,4.27393650269984,7.73626465918886
1,18,cooperate,0.0,,
1,19,defect,1.2105263157894737,3.694140969503111,7.090746810532353
2,0,defect,2.473684210526316,,
2,1,cooperate,0.631578947368421,,
2,2,cooperate,0.47368421052631576,,
2,3,defect,1.0,,
2,4,cooperate,0.47368421052631576,,
2,5,cooperate,0.631578947368421,,
2,6,cooperate,0.3157894736842105,,
2,7,defect,1.631578947368421,,
2,8,defect,1.4210526315789473,,
2,9,cooperate,0.3157894736842105,,
2,10,cooperate,0.3157894736842105,,
2,11,defect,1.2105263157894737,,
2,12,defect,1.2105263157894737,,
2,13,defect,1.4210526315789473,,
2,14,defect,1.4210526315789473,3.952152602746123,7.5879115579079235
2,15,defect,1.4210526315789473,3.6566889381367242,7.802249676477665
2,16,defect,1.4210526315789473,4.210481687915202,7.232464214544486
2,17,defect,1.2105263157894737,4.27393650269984,7.73626465918886
2,18,defect,1.4210526315789473,,
2,19,defect,1.2105263157894737,3.694140969503111,7.090746810532353
3,0,cooperate,0.9473684210526315,,
3,1,defect,1.8421052631578947,,
3,2,defect,1.631578947368421,,
3,3,cooperate,0.15789473684210525,,
3,4,defect,1.631578947368421,,
3,5,cooperate,0.47368421052631576,,
3,6,cooperate,0.47368421052631576,,
3,7,defect,1.4210526315789473,,
3,8,cooperate,0.3157894736842105,,
3,9,cooperate,0.3157894736842105,,
3,10,defect,1.4210526315789473,,
3,11,defect,2.052631578947368,,
3,12,cooperate,0.3157894736842105,,
3,13,cooperate,0.15789473684210525,,
3,14,defect,1.2105263157894737,3.952152602746123,7.5879115579079235
3,15,defect,1.0,3.6566889381367242,7.802249676477665
3,16,defect,1.2105263157894737,4.210481687915202,7.232464214544486
3,17,defect,1.0,4.27393650269984,7.73626465918886
3,18,defect,1.631578947368421,,
3,19,defect,1.4210526315789473,3.694140969503111,7.090746810532353
4,0,cooperate,0.7894736842105263,,
4,1,defect,1.8421052631578947,,
4,2,defect,1.631578947368421,,
4,3,defect,1.631578947368421,,
4,4,defect,1.8421052631578947,,
4,5,cooperate,0.47368421052631576,,
4,6,cooperate,0.7894736842105263,,
4,7,cooperate,0.3157894736842105,,
4,8,cooperate,0.3157894736842105,,
4,9,cooperate,0.47368421052631576,,
4,10,defect,1.631578947368421,,
4,11,cooperate,0.47368421052631576,,
4,12,defect,1.631578947368421,,
4,13,defect,1.4210526315789473,,
4,14,defect,1.2105263157894737,3.952152602746123,7.5879115579079235
4,15,cooperate,0.15789473684210525,3.6566889381367242,7.802249676477665
4,16,defect,1.4210526315789473,4.210481687915202,7.232464214544486
4,17,defect,1.4210526315789473,4.27393650269984,7.73626465918886
4,18,cooperate,0.3157894736842105,,
4,19,defect,1.631578947368421,3.694140969503111,7.090746810532353
5,0,defect,2.473684210526316,,
5,1,cooperate,0.3157894736842105,,
5,2,cooperate,0.47368421052631576,,
5,3,cooperate,0.0,,
5,4,defect,2.052631578947368,,
5,5,defect,1.631578947368421,,
5,6,cooperate,0.7894736842105263,,
5,7,cooperate,0.15789473684210525,,
5,8,cooperate,0.3157894736842105,,
5,9,cooperate,0.15789473684210525,,
5,10,defect,1.2105263157894737,,
5,11,defect,1.631578947368421,,
5,12,defect,1.0,,
5,13,cooperate,0.15789473684210525,,
5,14,cooperate,0.15789473684210525,3.952152602746123,7.5879115579079235
5,15,defect,1.0,3.6566889381367242,7.802249676477665
5,16,defect,1.4210526315789473,4.210481687915202,7.232464214544486
5,17,defect,1.2105263157894737,4.27393650269984,7.73626465918886
5,18,defect,1.631578947368421,,
5,19,defect,1.0,3.694140969503111,7.090746810532353
6,0,cooperate,1.263157894736842,,
6,1,cooperate,0.3157894736842105,,
6,2,cooperate,0.631578947368421,,
6,3,cooperate,0.3157894736842105,,
6,4,cooperate,0.7894736842105263,,
6,5,defect,2.473684210526316,,
6,6,defect,2.052631578947368,,
6,7,cooperate,0.15789473684210525,,
6,8,defect,1.4210526315789473,,
6,9,cooperate,0.47368421052631576,,
6,10,defect,1.4210526315789473,,
6,11,defect,1.631578947368421,,
6,12,cooperate,0.15789473684210525,,
6,13,defect,1.2105263157894737,,
6,14,cooperate,0.47368421052631576,3.952152602746123,7.5879115579079235
6,15,defect,1.4210526315789473,3.6566889381367242,7.802249676477665
6,16,defect,1.2105263157894737,4.210481687915202,7.232464214544486
6,17,defect,1.4210526315789473,4.27393650269984,7.73626465918886
6,18,cooperate,0.3157894736842105,,
6,19,cooperate,0.15789473684210525,3.694140969503111,7.090746810532353
7,0,defect,2.052631578947368,,
7,1,defect,1.8421052631578947,,
7,2,defect,1.2105263157894737,,
7,3,defect,1.4210526315789473,,
7,4,cooperate,0.47368421052631576,,
7,5,cooperate,0.47368421052631576,,
7,6,defect,2.263157894736842,,
7,7,cooperate,0.3157894736842105,,
7,8,cooperate,0.0,,
7,9,defect,1.4210526315789473,,
7,10,defect,1.2105263157894737,,
7,11,cooperate,0.47368421052631576,,
7,12,cooperate,0.3157894736842105,,
7,13,cooperate,0.3157894736842105,,
7,14,defect,1.2105263157894737,3.952152602746123,7.5879115579079235
7,15,defect,1.4210526315789473,3.6566889381367242,7.802249676477665
7,16,cooperate,0.15789473684210525,4.210481687915202,7.232464214544486
7,17,defect,1.631578947368421,4.27393650269984,7.73626465918886
7,18,cooperate,0.0,,
7,19,defect,1.2105263157894737,3.694140969503111,7.090746810532353
8,0,cooperate,0.631578947368421,,
8,1,defect,1.631578947368421,,
8,2,defect,1.4210526315789473,,
8,3,cooperate,0.3157894736842105,,
8,4,defect,1.631578947368421,,
8,5,cooperate,0.15789473684210525,,
8,6,cooperate,0.47368421052631576,,
8,7,defect,1.4210526315789473,,
8,8,defect,1.4210526315789473,,
8,9,defect,1.4210526315789473,,
8,10,defect,1.4210526315789473,,
8,11,cooperate,0.631578947368421,,
8,12,defect,1.631578947368421,,
8,13,cooperate,0.3157894736842105,,
8,14,defect,1.2105263157894737,3.952152602746123,7.5879115579079235
8,15,defect,1.2105263157894737,3.6566889381367242,7.802249676477665
8,16,defect,1.4210526315789473,4.210481687915202,7.232464214544486
8,17,defect,1.2105263157894737,4.27393650269984,7.73626465918886
8,18,defect,1.4210526315789473,,
8,19,defect,1.4210526315789473,3.694140969503111,7.090746810532353
9,0,cooperate,0.631578947368421,,
9,1,cooperate,0.3157894736842105,,
9,2,defect,1.4210526315789473,,
9,3,cooperate,0.47368421052631576,,
9,4,defect,1.8421052631578947,,
9,5,defect,1.8421052631578947,,
9,6,defect,2.473684210526316,,
9,7,cooperate,0.0,,
9,8,defect,1.4210526315789473,,
9,9,cooperate,0.3157894736842105,,
9,10,defect,1.4210526315789473,,
9,11,cooperate,0.631578947368421,,
9,12,defect,1.4210526315789473,,
9,13,cooperate,0.15789473684210525,,
9,14,defect,1.2105263157894737,3.952152602746123,7.5879115579079235
9,15,defect,1.2105263157894737,3.6566889381367242,7.802249676477665
9,16,cooperate,0.3157894736842105,4.210481687915202,7.232464214544486
9,17,defect,1.4210526315789473,4.27393650269984,7.73626465918886
9,18,cooperate,0.3157894736842105,,
9,19,defect,1.2105263157894737,3.694140969503111,7.090746810532353
10,0,defect,2.263157894736842,,
10,1,defect,1.4210526315789473,,
10,2,cooperate,0.3157894736842105,,
10,3,cooperate,0.15789473684210525,,
10,4,defect,1.8421052631578947,,
10,5,cooperate,0.3157894736842105,,
10,6,cooperate,0.47368421052631576,,
10,7,cooperate,0.3157894736842105,,
10,8,defect,1.2105263157894737,,
10,9,defect,1.631578947368421,,
10,10,defect,1.2105263157894737,,
10,11,defect,1.631578947368421,,
10,12,cooperate,0.15789473684210525,,
10,13,defect,1.2105263157894737,,
10,14,cooperate,0.15789473684210525,3.952152602746123,7.5879115579079235
10,15,defect,1.0,3.6566889381367242,7.802249676477665
10,16,defect,1.2105263157894737,4.210481687915202,7.232464214544486
10,17,defect,1.2105263157894737,4.27393650269984,7.73626465918886
10,18,cooperate,0.3157894736842105,,
10,19,defect,1.2105263157894737,3.694140969503111,7.090746810532353
11,0,cooperate,0.9473684210526315,,
11,1,cooperate,0.47368421052631576,,
11,2,defect,1.631578947368421,,
11,3,cooperate,0.3157894736842105,,
11,4,defect,2.052631578947368,,
11,5,cooperate,0.631578947368421,,
11,6,defect,2.052631578947368,,
11,7,cooperate,0.15789473684210525,,
11,8,cooperate,0.3157894736842105,,
11,9,cooperate,0.47368421052631576,,
11,10,defect,1.631578947368421,,
11,11,defect,1.4210526315789473,,
11,12,defect,1.4210526315789473,,
11,13,defect,1.0,,
11,14,cooperate,0.15789473684210525,3.952152602746123,7.5879115579079235
11,15,defect,1.0,3.6566889381367242,7.802249676477665
11,16,defect,1.2105263157894737,4.210481687915202,7.232464214544486
11,17,defect,1.2105263157894737,4.27393650269984,7.73626465918886
11,18,cooperate,0.3157894736842105,,
11,19,defect,1.4210526315789473,3.694140969503111,7.090746810532353
12,0,cooperate,1.5789473684210527,,
12,1,cooperate,0.7894736842105263,,
12,2,cooperate,0.47368421052631576,,
12,3,cooperate,0.3157894736842105,,
12,4,cooperate,0.7894736842105263,,
12,5,defect,2.473684210526316,,
12,6,cooperate,1.1052631578947367,,
12,7,cooperate,0.3157894736842105,,
12,8,cooperate,0.47368421052631576,,
12,9,defect,1.4210526315789473,,
12,10,cooperate,0.3157894736842105,,
12,11,cooperate,0.7894736842105263,,
12,12,cooperate,0.3157894736842105,,
12,13,cooperate,0.47368421052631576,,
12,14,defect,1.631578947368421,3.952152602746123,7.5879115579079235
12,15,defect,1.8421052631578947,3.6566889381367242,7.802249676477665
12,16,defect,1.631578947368421,4.210481687915202,7.232464214544486
12,17,defect,1.631578947368421,4.27393650269984,7.73626465918886
12,18,defect,1.4210526315789473,,
12,19,cooperate,0.15789473684210525,3.694140969503111,7.090746810532353
13,0,cooperate,0.631578947368421,,
13,1,cooperate,0.3157894736842105,,
13,2,defect,1.4210526315789473,,
13,3,defect,1.4210526315789473,,
13,4,defect,1.8421052631578947,,
13,5,cooperate,0.7894736842105263,,
13,6,defect,1.8421052631578947,,
13,7,cooperate,0.15789473684210525,,
13,8,defect,1.4210526315789473,,
13,9,cooperate,0.47368421052631576,,
13,10,defect,1.631578947368421,,
13,11,defect,1.4210526315789473,,
13,12,cooperate,0.3157894736842105,,
13,13,defect,1.0,,
13,14,defect,1.2105263157894737,3.952152602746123,7.5879115579079235
13,15,defect,1.0,3.6566889381367242,7.802249676477665
13,16,defect,1.2105263157894737,4.210481687915202,7.232464214544486
13,17,defect,1.2105263157894737,4.27393650269984,7.73626465918886
13,18,cooperate,0.15789473684210525,,
13,19,defect,1.4210526315789473,3.694140969503111,7.090746810532353
14,0,cooperate,0.631578947368421,,
14,1,defect,1.8421052631578947,,
14,2,defect,1.631578947368421,,
14,3,defect,1.2105263157894737,,
14,4,cooperate,0.47368421052631576,,
14,5,defect,2.052631578947368,,
14,6,defect,2.052631578947368,,
14,7,cooperate,0.15789473684210525,,
14,8,cooperate,0.15789473684210525,,
14,9,cooperate,0.15789473684210525,,
14,10,defect,1.2105263157894737,,
14,11,defect,1.631578947368421,,
14,12,defect,1.2105263157894737,,
14,13,cooperate,0.15789473684210525,,
14,14,defect,1.4210526315789473,3.952152602746123,7.5879115579079235
14,15,defect,1.4210526315789473,3.6566889381367242,7.802249676477665
14,16,cooperate,0.0,4.210481687915202,7.232464214544486
14,17,defect,1.4210526315789473,4.27393650269984,7.73626465918886
14,18,defect,1.2105263157894737,,
14,19,cooperate,0.15789473684210525,3.694140969503111,7.090746810532353
15,0,cooperate,1.1052631578947367,,
15,1,defect,1.8421052631578947,,
15,2,cooperate,0.47368421052631576,,
15,3,cooperate,0.3157894736842105,,
15,4,cooperate,0.7894736842105263,,
15,5,cooperate,0.7894736842105263,,
15,6,defect,2.052631578947368,,
15,7,cooperate,0.3157894736842105,,
15,8,defect,1.2105263157894737,,
15,9,cooperate,0.47368421052631576,,
15,10,cooperate,0.3157894736842105,,
15,11,cooperate,0.47368421052631576,,
15,12,defect,1.631578947368421,,
15,13,cooperate,0.3157894736842105,,
15,14,defect,1.631578947368421,3.952152602746123,7.5879115579079235
15,15,defect,1.631578947368421,3.6566889381367242,7.802249676477665
15,16,defect,1.2105263157894737,4.210481687915202,7.232464214544486
15,17,defect,1.631578947368421,4.27393650269984,7.73626465918886
15,18,defect,1.4210526315789473,,
15,19,defect,1.4210526315789473,3.694140969503111,7.090746810532353
16,0,defect,1.631578947368421,,
16,1,cooperate,0.15789473684210525,,
16,2,defect,1.0,,
16,3,defect,1.4210526315789473,,
16,4,defect,1.631578947368421,,
16,5,defect,1.631578947368421,,
16,6,defect,2.052631578947368,,
16,7,cooperate,0.0,,
16,8,defect,1.2105263157894737,,
16,9,defect,1.2105263157894737,,
16,10,cooperate,0.15789473684210525,,
16,11,cooperate,0.15789473684210525,,
16,12,defect,1.2105263157894737,,
16,13,cooperate,0.15789473684210525,,
16,14,defect,1.0,3.952152602746123,7.5879115579079235
16,15,defect,1.4210526315789473,3.6566889381367242,7.802249676477665
16,16,defect,1.4210526315789473,4.210481687915202,7.232464214544486
16,17,defect,1.4210526315789473,4.27393650269984,7.73626465918886
16,18,cooperate,0.0,,
16,19,defect,1.0,3.694140969503111,7.090746810532353
17,0,defect,2.263157894736842,,
17,1,defect,1.4210526315789473,,
17,2,cooperate,0.47368421052631576,,
17,3,cooperate,0.15789473684210525,,
17,4,cooperate,0.631578947368421,,
17,5,defect,1.4210526315789473,,
17,6,cooperate,0.47368421052631576,,
17,7,cooperate,0.47368421052631576,,
17,8,defect,1.2105263157894737,,
17,9,defect,1.2105263157894737,,
17,10,defect,1.0,,
17,11,cooperate,0.47368421052631576,,
17,12,defect,1.2105263157894737,,
17,13,defect,1.631578947368421,,
17,14,cooperate,0.3157894736842105,3.952152602746123,7.5879115579079235
17,15,defect,1.4210526315789473,3.6566889381367242,7.802249676477665
17,16,defect,1.4210526315789473,4.210481687915202,7.232464214544486
17,17,cooperate,0.47368421052631576,4.27393650269984,7.73626465918886
17,18,defect,1.4210526315789473,,
17,19,defect,1.0,3.694140969503111,7.090746810532353
18,0,cooperate,1.1052631578947367,,
18,1,cooperate,0.47368421052631576,,
18,2,cooperate,0.3157894736842105,,
18,3,defect,1.631578947368421,,
18,4,defect,2.263157894736842,,
18,5,cooperate,0.7894736842105263,,
18,6,defect,2.6842105263157894,,
18,7,cooperate,0.15789473684210525,,
18,8,cooperate,0.3157894736842105,,
18,9,cooperate,0.631578947368421,,
18,10,defect,1.631578947368421,,
18,11,cooperate,0.47368421052631576,,
18,12,cooperate,0.47368421052631576,,
18,13,cooperate,0.15789473684210525,,
18,14,defect,1.4210526315789473,3.952152602746123,7.5879115579079235
18,15,defect,1.2105263157894737,3.6566889381367242,7.802249676477665
18,16,defect,1.4210526315789473,4.210481687915202,7.232464214544486
18,17,defect,1.4210526315789473,4.27393650269984,7.73626465918886
18,18,cooperate,0.15789473684210525,,
18,19,defect,1.4210526315789473,3.694140969503111,7.090746810532353
19,0,cooperate,0.9473684210526315,,
19,1,cooperate,0.631578947368421,,
19,2,defect,1.4210526315789473,,
19,3,cooperate,0.3157894736842105,,
19,4,cooperate,0.47368421052631576,,
19,5,cooperate,0.7894736842105263,,
19,6,defect,1.631578947368421,,
19,7,defect,1.4210526315789473,,
19,8,defect,1.4210526315789473,,
19,9,defect,1.631578947368421,,
19,10,cooperate,0.47368421052631576,,
19,11,defect,1.4210526315789473,,
19,12,defect,1.4210526315789473,,
19,13,defect,1.2105263157894737,,
19,14,defect,1.4210526315789473,3.952152602746123,7.5879115579079235
19,15,defect,1.631578947368421,3.6566889381367242,7.802249676477665
19,16,defect,1.2105263157894737,4.210481687915202,7.232464214544486
19,17,defect,1.2105263157894737,4.27393650269984,7.73626465918886
19,18,cooperate,0.15789473684210525,,
19,19,cooperate,0.3157894736842105,3.694140969503111,7.090746810532353
20,0,cooperate,0.47368421052631576,,
20,1,cooperate,0.3157894736842105,,
20,2,cooperate,0.15789473684210525,,
20,3,defect,1.4210526315789473,,
20,4,defect,1.8421052631578947,,
20,5,defect,1.631578947368421,,
20,6,defect,2.263157894736842,,
20,7,cooperate,0.0,,
20,8,defect,1.4210526315789473,,
20,9,defect,1.4210526315789473,,
20,10,defect,1.4210526315789473,,
20,11,cooperate,0.3157894736842105,,
20,12,defect,1.4210526315789473,,
20,13,defect,1.2105263157894737,,
20,14,defect,1.4210526315789473,3.952152602746123,7.5879115579079235
20,15,defect,1.2105263157894737,3.6566889381367242,7.802249676477665
20,16,cooperate,0.3157894736842105,4.210481687915202,7.232464214544486
20,17,defect,1.4210526315789473,4.27393650269984,7.73626465918886
20,18,defect,1.0,,
20,19,defect,1.2105263157894737,3.694140969503111,7.090746810532353
21,0,cooperate,0.7894736842105263,,
21,1,defect,1.8421052631578947,,
21,2,defect,1.4210526315789473,,
21,3,cooperate,0.15789473684210525,,
21,4,cooperate,0.47368421052631576,,
21,5,defect,2.052631578947368,,
21,6,defect,1.8421052631578947,,
21,7,cooperate,0.15789473684210525,,
21,8,cooperate,0.15789473684210525,,
21,9,defect,1.2105263157894737,,
21,10,cooperate,0.15789473684210525,,
21,11,defect,1.8421052631578947,,
21,12,cooperate,0.15789473684210525,,
21,13,cooperate,0.15789473684210525,,
21,14,defect,1.4210526315789473,3.952152602746123,7.5879115579079235
21,15,defect,1.4210526315789473,3.6566889381367242,7.802249676477665
21,16,defect,1.0,4.210481687915202,7.232464214544486
21,17,defect,1.4210526315789473,4.27393650269984,7.73626465918886
21,18,defect,1.2105263157894737,,
21,19,defect,1.2105263157894737,3.694140969503111,7.090746810532353
22,0,defect,2.263157894736842,,
22,1,cooperate,0.47368421052631576,,
22,2,defect,1.4210526315789473,,
22,3,cooperate,0.0,,
22,4,defect,1.4210526315789473,,
22,5,cooperate,0.47368421052631576,,
22,6,cooperate,0.15789473684210525,,
22,7,defect,1.4210526315789473,,
22,8,defect,1.4210526315789473,,
22,9,cooperate,0.15789473684210525,,
22,10,cooperate,0.3157894736842105,,
22,11,defect,1.4210526315789473,,
22,12,defect,1.2105263157894737,,
22,13,defect,1.2105263157894737,,
22,14,defect,1.0,3.952152602746123,7.5879115579079235
22,15,defect,1.2105263157894737,3.6566889381367242,7.802249676477665
22,16,defect,1.4210526315789473,4.210481687915202,7.232464214544486
22,17,defect,1.0,4.27393650269984,7.73626465918886
22,18,defect,1.631578947368421,,
22,19,defect,1.2105263157894737,3.694140969503111,7.090746810532353
23,0,cooperate,0.631578947368421,,
23,1,defect,1.631578947368421,,
23,2,defect,1.2105263157894737,,
23,3,cooperate,0.3157894736842105,,
23,4,defect,1.8421052631578947,,
23,5,cooperate,0.47368421052631576,,
23,6,defect,1.8421052631578947,,
23,7,cooperate,0.15789473684210525,,
23,8,cooperate,0.15789473684210525,,
23,9,defect,1.631578947368421,,
23,10,defect,1.631578947368421,,
23,11,defect,1.8421052631578947,,
23,12,cooperate,0.3157894736842105,,
23,13,defect,1.0,,
23,14,defect,1.2105263157894737,3.952152602746123,7.5879115579079235
23,15,cooperate,0.0,3.6566889381367242,7.802249676477665
23,16,defect,1.0,4.210481687915202,7.232464214544486
23,17,defect,1.2105263157894737,4.27393650269984,7.73626465918886
23,18,cooperate,0.15789473684210525,,
23,19,defect,1.631578947368421,3.694140969503111,7.090746810532353
24,0,defect,1.8421052631578947,,
24,1,cooperate,0.0,,
24,2,cooperate,0.0,,
24,3,defect,1.2105263157894737,,
24,4,defect,1.8421052631578947,,
24,5,defect,1.631578947368421,,
24,6,defect,2.052631578947368,,
24,7,cooperate,0.0,,
24,8,defect,1.2105263157894737,,
24,9,defect,1.2105263157894737,,
24,10,defect,1.2105263157894737,,
24,11,cooperate,0.3157894736842105,,
24,12,cooperate,0.15789473684210525,,
24,13,cooperate,0.15789473684210525,,
24,14,defect,1.2105263157894737,3.952152602746123,7.5879115579079235
24,15,defect,1.2105263157894737,3.6566889381367242,7.802249676477665
24,16,defect,1.4210526315789473,4.210481687915202,7.232464214544486
24,17,defect,1.4210526315789473,4.27393650269984,7.73626465918886
24,18,defect,1.0,,
24,19,defect,1.0,3.694140969503111,7.090746810532353
25,0,cooperate,0.631578947368421,,
25,1,defect,1.631578947368421,,
25,2,cooperate,0.3157894736842105,,
25,3,cooperate,0.15789473684210525,,
25,4,cooperate,0.3157894736842105,,
25,5,defect,1.4210526315789473,,
25,6,defect,1.631578947368421,,
25,7,defect,1.2105263157894737,,
25,8,cooperate,0.15789473684210525,,
25,9,defect,1.4210526315789473,,
25,10,defect,1.2105263157894737,,
25,11,defect,1.4210526315789473,,
25,12,defect,1.2105263157894737,,
25,13,defect,1.2105263157894737,,
25,14,defect,1.631578947368421,3.952152602746123,7.5879115579079235
25,15,defect,1.2105263157894737,3.6566889381367242,7.802249676477665
25,16,defect,1.0,4.210481687915202,7.232464214544486
25,17,defect,1.2105263157894737,4.27393650269984,7.73626465918886
25,18,defect,1.2105263157894737,,
25,19,defect,1.2105263157894737,3.694140969503111,7.090746810532353
26,0,cooperate,0.9473684210526315,,
26,1,defect,2.052631578947368,,
26,2,defect,1.4210526315789473,,
26,3,cooperate,0.3157894736842105,,
26,4,cooperate,0.47368421052631576,,
26,5,cooperate,0.47368421052631576,,
26,6,defect,2.052631578947368,,
26,7,defect,1.4210526315789473,,
26,8,cooperate,0.15789473684210525,,
26,9,defect,1.4210526315789473,,
26,10,defect,1.4210526315789473,,
26,11,cooperate,0.7894736842105263,,
26,12,cooperate,0.47368421052631576,,
26,13,cooperate,0.3157894736842105,,
26,14,defect,1.4210526315789473,3.952152602746123,7.5879115579079235
26,15,defect,1.4210526315789473,3.6566889381367242,7.802249676477665
26,16,cooperate,0.15789473684210525,4.210481687915202,7.232464214544486
26,17,defect,1.4210526315789473,4.27393650269984,7.73626465918886
26,18,defect,1.2105263157894737,,
26,19,defect,1.4210526315789473,3.694140969503111,7.090746810532353
27,0,cooperate,0.9473684210526315,,
27,1,defect,1.631578947368421,,
27,2,cooperate,0.47368421052631576,,
27,3,cooperate,0.3157894736842105,,
27,4,defect,1.8421052631578947,,
27,5,defect,1.8421052631578947,,
27,6,cooperate,0.7894736842105263,,
27,7,cooperate,0.15789473684210525,,
27,8,cooperate,0.3157894736842105,,
27,9,cooperate,0.47368421052631576,,
27,10,defect,1.4210526315789473,,
27,11,defect,2.052631578947368,,
27,12,cooperate,0.15789473684210525,,
27,13,defect,1.2105263157894737,,
27,14,defect,1.4210526315789473,3.952152602746123,7.5879115579079235
27,15,cooperate,0.0,3.6566889381367242,7.802249676477665
27,16,defect,1.2105263157894737,4.210481687915202,7.232464214544486
27,17,defect,1.2105263157894737,4.27393650269984,7.73626465918886
27,18,cooperate,0.47368421052631576,,
27,19,defect,1.4210526315789473,3.694140969503111,7.090746810532353
28,0,cooperate,0.47368421052631576,,
28,1,defect,1.4210526315789473,,
28,2,cooperate,0.15789473684210525,,
28,3,defect,1.4210526315789473,,
28,4,defect,1.8421052631578947,,
28,5,defect,1.631578947368421,,
28,6,defect,1.8421052631578947,,
28,7,defect,1.0,,
28,8,defect,1.2105263157894737,,
28,9,defect,1.631578947368421,,
28,10,cooperate,0.3157894736842105,,
28,11,defect,1.8421052631578947,,
28,12,cooperate,0.15789473684210525,,
28,13,cooperate,0.0,,
28,14,defect,1.4210526315789473,3.952152602746123,7.5879115579079235
28,15,cooperate,0.15789473684210525,3.6566889381367242,7.802249676477665
28,16,defect,1.0,4.210481687915202,7.232464214544486
28,17,defect,1.0,4.27393650269984,7.73626465918886
28,18,cooperate,0.0,,
28,19,defect,1.4210526315789473,3.694140969503111,7.090746810532353
29,0,defect,1.8421052631578947,,
29,1,defect,1.4210526315789473,,
29,2,defect,1.4210526315789473,,
29,3,defect,1.0,,
29,4,cooperate,0.631578947368421,,
29,5,defect,1.631578947368421,,
29,6,defect,1.631578947368421,,
29,7,cooperate,0.15789473684210525,,
29,8,cooperate,0.0,,
29,9,defect,1.0,,
29,10,defect,1.2105263157894737,,
29,11,defect,1.4210526315789473,,
29,12,defect,1.0,,
29,13,cooperate,0.15789473684210525,,
29,14,cooperate,0.15789473684210525,3.952152602746123,7.5879115579079235
29,15,cooperate,0.3157894736842105,3.6566889381367242,7.802249676477665
29,16,defect,1.0,4.210481687915202,7.232464214544486
29,17,defect,1.4210526315789473,4.27393650269984,7.73626465918886
29,18,defect,1.0,,
29,19,cooperate,0.15789473684210525,3.694140969503111,7.090746810532353
30,0,cooperate,1.1052631578947367,,
30,1,cooperate,0.7894736842105263,,
30,2,defect,1.631578947368421,,
30,3,defect,1.4210526315789473,,
30,4,cooperate,0.631578947368421,,
30,5,cooperate,0.9473684210526315,,
30,6,defect,2.263157894736842,,
30,7,cooperate,0.3157894736842105,,
30,8,cooperate,0.3157894736842105,,
30,9,cooperate,0.3157894736842105,,
30,10,defect,1.631578947368421,,
30,11,cooperate,0.47368421052631576,,
30,12,cooperate,0.47368421052631576,,
30,13,defect,1.4210526315789473,,
30,14,defect,1.4210526315789473,3.952152602746123,7.5879115579079235
30,15,defect,1.4210526315789473,3.6566889381367242,7.802249676477665
30,16,cooperate,0.3157894736842105,4.210481687915202,7.232464214544486
30,17,defect,1.631578947368421,4.27393650269984,7.73626465918886
30,18,defect,1.2105263157894737,,
30,19,defect,1.4210526315789473,3.694140969503111,7.090746810532353
31,0,defect,2.263157894736842,,
31,1,defect,1.8421052631578947,,
31,2,cooperate,0.3157894736842105,,
31,3,defect,1.2105263157894737,,
31,4,defect,1.4210526315789473,,
31,5,cooperate,0.15789473684210525,,
31,6,cooperate,0.631578947368421,,
31,7,defect,1.4210526315789473,,
31,8,cooperate,0.15789473684210525,,
31,9,cooperate,0.3157894736842105,,
31,10,defect,1.2105263157894737,,
31,11,cooperate,0.3157894736842105,,
31,12,defect,1.4210526315789473,,
31,13,defect,1.4210526315789473,,
31,14,defect,1.2105263157894737,3.952152602746123,7.5879115579079235
31,15,defect,1.2105263157894737,3.6566889381367242,7.802249676477665
31,16,cooperate,0.3157894736842105,4.210481687915202,7.232464214544486
31,17,defect,1.2105263157894737,4.27393650269984,7.73626465918886
31,18,defect,1.4210526315789473,,
31,19,defect,1.2105263157894737,3.694140969503111,7.090746810532353
32,0,cooperate,0.7894736842105263,,
32,1,defect,1.8421052631578947,,
32,2,defect,1.631578947368421,,
32,3,defect,1.2105263157894737,,
32,4,cooperate,0.3157894736842105,,
32,5,cooperate,0.7894736842105263,,
32,6,defect,1.2105263157894737,,
32,7,defect,1.4210526315789473,,
32,8,defect,1.2105263157894737,,
32,9,cooperate,0.3157894736842105,,
32,10,cooperate,0.3157894736842105,,
32,11,defect,1.4210526315789473,,
32,12,cooperate,0.3157894736842105,,
32,13,defect,1.2105263157894737,,
32,14,defect,1.4210526315789473,3.952152602746123,7.5879115579079235
32,15,defect,1.4210526315789473,3.6566889381367242,7.802249676477665
32,16,defect,1.0,4.210481687915202,7.232464214544486
32,17,defect,1.2105263157894737,4.27393650269984,7.73626465918886
32,18,defect,1.2105263157894737,,
32,19,defect,1.4210526315789473,3.694140969503111,7.090746810532353
33,0,defect,2.473684210526316,,
33,1,cooperate,0.3157894736842105,,
33,2,cooperate,0.15789473684210525,,
33,3,cooperate,0.15789473684210525,,
33,4,defect,1.8421052631578947,,
33,5,defect,1.631578947368421,,
33,6,defect,2.052631578947368,,
33,7,defect,1.0,,
33,8,cooperate,0.15789473684210525,,
33,9,cooperate,0.15789473684210525,,
33,10,cooperate,0.3157894736842105,,
33,11,cooperate,0.47368421052631576,,
33,12,defect,1.2105263157894737,,
33,13,cooperate,0.15789473684210525,,
33,14,defect,1.2105263157894737,3.952152602746123,7.5879115579079235
33,15,cooperate,0.3157894736842105,3.6566889381367242,7.802249676477665
33,16,defect,1.4210526315789473,4.210481687915202,7.232464214544486
33,17,defect,1.2105263157894737,4.27393650269984,7.73626465918886
33,18,defect,1.4210526315789473,,
33,19,defect,1.2105263157894737,3.694140969503111,7.090746810532353
34,0,cooperate,1.263157894736842,,
34,1,cooperate,0.9473684210526315,,
34,2,cooperate,0.47368421052631576,,
34,3,cooperate,0.3157894736842105,,
34,4,cooperate,1.1052631578947367,,
34,5,cooperate,0.9473684210526315,,
34,6,cooperate,1.1052631578947367,,
34,7,cooperate,0.631578947368421,,
34,8,defect,1.631578947368421,,
34,9,defect,1.8421052631578947,,
34,10,cooperate,0.47368421052631576,,
34,11,defect,2.473684210526316,,
34,12,cooperate,0.3157894736842105,,
34,13,cooperate,0.3157894736842105,,
34,14,defect,1.631578947368421,3.952152602746123,7.5879115579079235
34,15,defect,1.4210526315789473,3.6566889381367242,7.802249676477665
34,16,cooperate,0.3157894736842105,4.210481687915202,7.232464214544486
34,17,cooperate,0.3157894736842105,4.27393650269984,7.73626465918886
34,18,cooperate,0.3157894736842105,,
34,19,defect,1.4210526315789473,3.694140969503111,7.090746810532353
35,0,cooperate,0.9473684210526315,,
35,1,cooperate,0.47368421052631576,,
35,2,cooperate,0.15789473684210525,,
35,3,cooperate,0.3157894736842105,,
35,4,defect,2.052631578947368,,
35,5,cooperate,0.631578947368421,,
35,6,defect,2.052631578947368,,
35,7,cooperate,0.15789473684210525,,
35,8,defect,1.4210526315789473,,
35,9,defect,1.631578947368421,,
35,10,cooperate,0.47368421052631576,,
35,11,cooperate,0.3157894736842105,,
35,12,defect,1.631578947368421,,
35,13,defect,1.2105263157894737,,
35,14,defect,1.4210526315789473,3.952152602746123,7.5879115579079235
35,15,defect,1.4210526315789473,3.6566889381367242,7.802249676477665
35,16,defect,1.4210526315789473,4.210481687915202,7.232464214544486
35,17,defect,1.4210526315789473,4.27393650269984,7.73626465918886
35,18,defect,1.2105263157894737,,
35,19,defect,1.4210526315789473,3.694140969503111,7.090746810532353
36,0,cooperate,0.47368421052631576,,
36,1,defect,1.631578947368421,,
36,2,defect,1.2105263157894737,,
36,3,cooperate,0.15789473684210525,,
36,4,defect,1.8421052631578947,,
36,5,cooperate,0.3157894736842105,,
36,6,defect,1.4210526315789473,,
36,7,defect,1.2105263157894737,,
36,8,defect,1.2105263157894737,,
36,9,defect,1.4210526315789473,,
36,10,cooperate,0.47368421052631576,,
36,11,defect,1.8421052631578947,,
36,12,defect,1.4210526315789473,,
36,13,cooperate,0.0,,
36,14,defect,1.2105263157894737,3.952152602746123,7.5879115579079235
36,15,cooperate,0.15789473684210525,3.6566889381367242,7.802249676477665
36,16,defect,1.0,4.210481687915202,7.232464214544486
36,17,defect,1.0,4.27393650269984,7.73626465918886
36,18,defect,1.2105263157894737,,
36,19,defect,1.631578947368421,3.694140969503111,7.090746810532353
37,0,cooperate,0.47368421052631576,,
37,1,cooperate,0.3157894736842105,,
37,2,defect,1.2105263157894737,,
37,3,cooperate,0.15789473684210525,,
37,4,defect,1.4210526315789473,,
37,5,defect,1.631578947368421,,
37,6,defect,1.4210526315789473,,
37,7,defect,1.0,,
37,8,defect,1.4210526315789473,,
37,9,defect,1.2105263157894737,,
37,10,cooperate,0.3157894736842105,,
37,11,defect,1.4210526315789473,,
37,12,defect,1.2105263157894737,,
37,13,defect,1.0,,
37,14,defect,1.2105263157894737,3.952152602746123,7.5879115579079235
37,15,defect,1.2105263157894737,3.6566889381367242,7.802249676477665
37,16,defect,1.2105263157894737,4.210481687915202,7.232464214544486
37,17,defect,1.0,4.27393650269984,7.73626465918886
37,18,defect,1.2105263157894737,,
37,19,defect,1.2105263157894737,3.694140969503111,7.090746810532353
38,0,defect,2.052631578947368,,
38,1,defect,1.4210526315789473,,
38,2,defect,1.4210526315789473,,
38,3,cooperate,0.15789473684210525,,
38,4,defect,1.631578947368421,,
38,5,cooperate,0.3157894736842105,,
38,6,cooperate,0.47368421052631576,,
38,7,cooperate,0.3157894736842105,,
38,8,defect,1.2105263157894737,,
38,9,cooperate,0.15789473684210525,,
38,10,defect,1.2105263157894737,,
38,11,cooperate,0.47368421052631576,,
38,12,defect,1.4210526315789473,,
38,13,cooperate,0.3157894736842105,,
38,14,defect,1.0,3.952152602746123,7.5879115579079235
38,15,defect,1.2105263157894737,3.6566889381367242,7.802249676477665
38,16,defect,1.4210526315789473,4.210481687915202,7.232464214544486
38,17,defect,1.4210526315789473,4.27393650269984,7.73626465918886
38,18,defect,1.631578947368421,,
38,19,defect,1.2105263157894737,3.694140969503111,7.090746810532353
39,0,defect,1.8421052631578947,,
39,1,cooperate,0.15789473684210525,,
39,2,cooperate,0.0,,
39,3,cooperate,0.15789473684210525,,
39,4,defect,1.8421052631578947,,
39,5,defect,1.631578947368421,,
39,6,defect,2.052631578947368,,
39,7,cooperate,0.0,,
39,8,defect,1.2105263157894737,,
39,9,defect,1.4210526315789473,,
39,10,cooperate,0.15789473684210525,,
39,11,defect,1.4210526315789473,,
39,12,defect,1.0,,
39,13,cooperate,0.0,,
39,14,defect,1.2105263157894737,3.952152602746123,7.5879115579079235
39,15,defect,1.2105263157894737,3.6566889381367242,7.802249676477665
39,16,defect,1.2105263157894737,4.210481687915202,7.232464214544486
39,17,defect,1.2105263157894737,4.27393650269984,7.73626465918886
39,18,cooperate,0.15789473684210525,,
39,19,defect,1.0,3.694140969503111,7.090746810532353
40,0,defect,2.473684210526316,,
40,1,defect,1.8421052631578947,,
40,2,cooperate,0.3157894736842105,,
40,3,cooperate,0.15789473684210525,,
40,4,cooperate,0.3157894736842105,,
40,5,defect,1.631578947368421,,
40,6,cooperate,0.631578947368421,,
40,7,cooperate,0.3157894736842105,,
40,8,cooperate,0.15789473684210525,,
40,9,defect,1.2105263157894737,,
40,10,cooperate,0.0,,
40,11,cooperate,0.3157894736842105,,
40,12,defect,1.2105263157894737,,
40,13,defect,1.631578947368421,,
40,14,defect,1.4210526315789473,3.952152602746123,7.5879115579079235
40,15,defect,1.631578947368421,3.6566889381367242,7.802249676477665
40,16,defect,1.4210526315789473,4.210481687915202,7.232464214544486
40,17,defect,1.631578947368421,4.27393650269984,7.73626465918886
40,18,defect,1.4210526315789473,,
40,19,defect,1.0,3.694140969503111,7.090746810532353
41,0,cooperate,0.9473684210526315,,
41,1,cooperate,0.47368421052631576,,
41,2,defect,1.4210526315789473,,
41,3,cooperate,0.47368421052631576,,
41,4,defect,1.8421052631578947,,
41,5,defect,2.263157894736842,,
41,6,defect,2.263157894736842,,
41,7,cooperate,0.0,,
41,8,defect,1.4210526315789473,,
41,9,cooperate,0.3157894736842105,,
41,10,cooperate,0.47368421052631576,,
41,11,cooperate,0.7894736842105263,,
41,12,cooperate,0.3157894736842105,,
41,13,defect,1.2105263157894737,,
41,14,defect,1.2105263157894737,3.952152602746123,7.5879115579079235
41,15,cooperate,0.3157894736842105,3.6566889381367242,7.802249676477665
41,16,cooperate,0.3157894736842105,4.210481687915202,7.232464214544486
41,17,defect,1.4210526315789473,4.27393650269984,7.73626465918886
41,18,cooperate,0.3157894736842105,,
41,19,defect,1.4210526315789473,3.694140969503111,7.090746810532353
42,0,cooperate,0.631578947368421,,
42,1,defect,1.4210526315789473,,
42,2,defect,1.2105263157894737,,
42,3,defect,1.4210526315789473,,
42,4,defect,1.4210526315789473,,
42,5,defect,1.631578947368421,,
42,6,defect,1.8421052631578947,,
42,7,defect,1.0,,
42,8,cooperate,0.15789473684210525,,
42,9,defect,1.2105263157894737,,
42,10,defect,1.2105263157894737,,
42,11,cooperate,0.47368421052631576,,
42,12,cooperate,0.3157894736842105,,
42,13,cooperate,0.15789473684210525,,
42,14,defect,1.2105263157894737,3.952152602746123,7.5879115579079235
42,15,defect,1.4210526315789473,3.6566889381367242,7.802249676477665
42,16,defect,1.2105263157894737,4.210481687915202,7.232464214544486
42,17,defect,1.2105263157894737,4.27393650269984,7.73626465918886
42,18,defect,1.0,,
42,19,cooperate,0.15789473684210525,3.694140969503111,7.090746810532353
43,0,defect,2.052631578947368,,
43,1,defect,1.631578947368421,,
43,2,defect,1.2105263157894737,,
43,3,cooperate,0.15789473684210525,,
43,4,defect,1.631578947368421,,
43,5,cooperate,0.3157894736842105,,
43,6,defect,1.8421052631578947,,
43,7,cooperate,0.3157894736842105,,
43,8,cooperate,0.0,,
43,9,cooperate,0.15789473684210525,,
43,10,defect,1.2105263157894737,,
43,11,cooperate,0.47368421052631576,,
43,12,defect,1.4210526315789473,,
43,13,defect,1.2105263157894737,,
43,14,defect,1.0,3.952152602746123,7.5879115579079235
43,15,defect,1.2105263157894737,3.6566889381367242,7.802249676477665
43,16,cooperate,0.15789473684210525,4.210481687915202,7.232464214544486
43,17,cooperate,0.3157894736842105,4.27393650269984,7.73626465918886
43,18,defect,1.4210526315789473,,
43,19,defect,1.2105263157894737,3.694140969503111,7.090746810532353
44,0,cooperate,0.7894736842105263,,
44,1,cooperate,0.47368421052631576,,
44,2,defect,1.4210526315789473,,
44,3,cooperate,0.15789473684210525,,
44,4,cooperate,0.47368421052631576,,
44,5,defect,2.263157894736842,,
44,6,defect,1.631578947368421,,
44,7,cooperate,0.15789473684210525,,
44,8,defect,1.4210526315789473,,
44,9,defect,1.2105263157894737,,
44,10,cooperate,0.3157894736842105,,
44,11,defect,1.631578947368421,,
44,12,cooperate,0.15789473684210525,,
44,13,defect,1.2105263157894737,,
44,14,defect,1.4210526315789473,3.952152602746123,7.5879115579079235
44,15,defect,1.4210526315789473,3.6566889381367242,7.802249676477665
44,16,defect,1.2105263157894737,4.210481687915202,7.232464214544486
44,17,defect,1.4210526315789473,4.27393650269984,7.73626465918886
44,18,defect,1.2105263157894737,,
44,19,defect,1.2105263157894737,3.694140969503111,7.090746810532353
45,0,defect,1.8421052631578947,,
45,1,cooperate,0.15789473684210525,,
45,2,cooperate,0.0,,
45,3,cooperate,0.0,,
45,4,defect,1.8421052631578947,,
45,5,defect,1.631578947368421,,
45,6,defect,1.8421052631578947,,
45,7,cooperate,0.0,,
45,8,defect,1.2105263157894737,,
45,9,defect,1.2105263157894737,,
45,10,cooperate,0.15789473684210525,,
45,11,defect,1.4210526315789473,,
45,12,defect,1.0,,
45,13,cooperate,0.0,,
45,14,defect,1.2105263157894737,3.952152602746123,7.5879115579079235
45,15,defect,1.2105263157894737,3.6566889381367242,7.802249676477665
45,16,defect,1.2105263157894737,4.210481687915202,7.232464214544486
45,17,defect,1.2105263157894737,4.27393650269984,7.73626465918886
45,18,defect,1.2105263157894737,,
45,19,defect,1.0,3.694140969503111,7.090746810532353
46,0,cooperate,0.9473684210526315,,
46,1,defect,1.8421052631578947,,
46,2,defect,2.052631578947368,,
46,3,defect,1.4210526315789473,,
46,4,cooperate,0.631578947368421,,
46,5,defect,1.8421052631578947,,
46,6,cooperate,0.7894736842105263,,
46,7,cooperate,0.3157894736842105,,
46,8,cooperate,0.3157894736842105,,
46,9,cooperate,0.15789473684210525,,
46,10,defect,1.2105263157894737,,
46,11,cooperate,0.47368421052631576,,
46,12,defect,1.4210526315789473,,
46,13,cooperate,0.47368421052631576,,
46,14,cooperate,0.3157894736842105,3.952152602746123,7.5879115579079235
46,15,defect,1.4210526315789473,3.6566889381367242,7.802249676477665
46,16,defect,1.4210526315789473,4.210481687915202,7.232464214544486
46,17,defect,1.631578947368421,4.27393650269984,7.73626465918886
46,18,defect,1.4210526315789473,,
46,19,defect,1.2105263157894737,3.694140969503111,7.090746810532353
47,0,defect,2.6842105263157894,,
47,1,cooperate,0.631578947368421,,
47,2,defect,1.631578947368421,,
47,3,cooperate,0.15789473684210525,,
47,4,cooperate,0.3157894736842105,,
47,5,defect,2.263157894736842,,
47,6,cooperate,0.631578947368421,,
47,7,cooperate,0.3157894736842105,,
47,8,cooperate,0.3157894736842105,,
47,9,cooperate,0.15789473684210525,,
47,10,cooperate,0.15789473684210525,,
47,11,defect,1.631578947368421,,
47,12,cooperate,0.0,,
47,13,defect,1.4210526315789473,,
47,14,defect,1.2105263157894737,3.952152602746123,7.5879115579079235
47,15,defect,1.4210526315789473,3.6566889381367242,7.802249676477665
47,16,defect,1.4210526315789473,4.210481687915202,7.232464214544486
47,17,defect,1.4210526315789473,4.27393650269984,7.73626465918886
47,18,cooperate,0.47368421052631576,,
47,19,defect,1.0,3.694140969503111,7.090746810532353
48,0,defect,2.473684210526316,,
48,1,cooperate,0.631578947368421,,
48,2,cooperate,0.47368421052631576,,
48,3,defect,1.2105263157894737,,
48,4,cooperate,0.7894736842105263,,
48,5,cooperate,0.7894736842105263,,
48,6,cooperate,0.7894736842105263,,
48,7,cooperate,0.47368421052631576,,
48,8,defect,1.4210526315789473,,
48,9,cooperate,0.47368421052631576,,
48,10,cooperate,0.3157894736842105,,
48,11,defect,1.4210526315789473,,
48,12,defect,1.2105263157894737,,
48,13,cooperate,0.3157894736842105,,
48,14,defect,1.4210526315789473,3.952152602746123,7.5879115579079235
48,15,defect,1.4210526315789473,3.6566889381367242,7.802249676477665
48,16,defect,1.4210526315789473,4.210481687915202,7.232464214544486
48,17,defect,1.4210526315789473,4.27393650269984,7.73626465918886
48,18,cooperate,0.3157894736842105,,
48,19,defect,1.2105263157894737,3.694140969503111,7.090746810532353
49,0,cooperate,0.47368421052631576,,
49,1,defect,1.4210526315789473,,
49,2,defect,1.4210526315789473,,
49,3,defect,1.631578947368421,,
49,4,defect,1.2105263157894737,,
49,5,defect,1.631578947368421,,
49,6,defect,1.631578947368421,,
49,7,defect,1.0,,
49,8,defect,1.2105263157894737,,
49,9,cooperate,0.3157894736842105,,
49,10,cooperate,0.15789473684210525,,
49,11,cooperate,0.15789473684210525,,
49,12,defect,1.4210526315789473,,
49,13,defect,1.2105263157894737,,
49,14,defect,1.2105263157894737,3.952152602746123,7.5879115579079235
49,15,defect,1.4210526315789473,3.6566889381367242,7.802249676477665
49,16,defect,1.2105263157894737,4.210481687915202,7.232464214544486
49,17,defect,1.2105263157894737,4.27393650269984,7.73626465918886
49,18,cooperate,0.15789473684210525,,
49,19,defect,1.2105263157894737,3.694140969503111,7.090746810532353
50,0,cooperate,1.1052631578947367,,
50,1,cooperate,0.631578947368421,,
50,2,cooperate,0.47368421052631576,,
50,3,defect,1.4210526315789473,,
50,4,defect,2.473684210526316,,
50,5,cooperate,0.7894736842105263,,
50,6,cooperate,0.9473684210526315,,
50,7,cooperate,0.3157894736842105,,
50,8,defect,1.631578947368421,,
50,9,cooperate,0.47368421052631576,,
50,10,cooperate,0.631578947368421,,
50,11,cooperate,0.631578947368421,,
50,12,defect,1.631578947368421,,
50,13,cooperate,0.3157894736842105,,
50,14,defect,1.4210526315789473,3.952152602746123,7.5879115579079235
50,15,cooperate,0.3157894736842105,3.6566889381367242,7.802249676477665
50,16,defect,1.631578947368421,4.210481687915202,7.232464214544486
50,17,defect,1.4210526315789473,4.27393650269984,7.73626465918886
50,18,defect,1.4210526315789473,,
50,19,defect,1.631578947368421,3.694140969503111,7.090746810532353
51,0,cooperate,0.9473684210526315,,
51,1,defect,1.631578947368421,,
51,2,cooperate,0.631578947368421,,
51,3,defect,1.2105263157894737,,
51,4,cooperate,0.631578947368421,,
51,5,defect,1.8421052631578947,,
51,6,defect,1.8421052631578947,,
51,7,defect,1.2105263157894737,,
51,8,cooperate,0.15789473684210525,,
51,9,cooperate,0.3157894736842105,,
51,10,defect,1.2105263157894737,,
51,11,defect,1.4210526315789473,,
51,12,defect,1.2105263157894737,,
51,13,cooperate,0.15789473684210525,,
51,14,cooperate,0.47368421052631576,3.952152602746123,7.5879115579079235
51,15,defect,1.4210526315789473,3.6566889381367242,7.802249676477665
51,16,defect,1.0,4.210481687915202,7.232464214544486
51,17,defect,1.2105263157894737,4.27393650269984,7.73626465918886
51,18,defect,1.2105263157894737,,
51,19,cooperate,0.15789473684210525,3.694140969503111,7.090746810532353
52,0,defect,2.052631578947368,,
52,1,cooperate,0.0,,
52,2,cooperate,0.15789473684210525,,
52,3,defect,1.2105263157894737,,
52,4,defect,1.631578947368421,,
52,5,defect,1.631578947368421,,
52,6,defect,1.631578947368421,,
52,7,defect,1.2105263157894737,,
52,8,defect,1.2105263157894737,,
52,9,cooperate,0.15789473684210525,,
52,10,defect,1.2105263157894737,,
52,11,cooperate,0.3157894736842105,,
52,12,cooperate,0.15789473684210525,,
52,13,defect,1.2105263157894737,,
52,14,defect,1.2105263157894737,3.952152602746123,7.5879115579079235
52,15,defect,1.2105263157894737,3.6566889381367242,7.802249676477665
52,16,defect,1.4210526315789473,4.210481687915202,7.232464214544486
52,17,cooperate,0.15789473684210525,4.27393650269984,7.73626465918886
52,18,defect,1.2105263157894737,,
52,19,defect,1.0,3.694140969503111,7.090746810532353
53,0,cooperate,0.3157894736842105,,
53,1,defect,1.4210526315789473,,
53,2,defect,1.2105263157894737,,
53,3,defect,1.2105263157894737,,
53,4,defect,1.631578947368421,,
53,5,defect,1.631578947368421,,
53,6,defect,1.8421052631578947,,
53,7,cooperate,0.0,,
53,8,cooperate,0.15789473684210525,,
53,9,defect,1.2105263157894737,,
53,10,defect,1.2105263157894737,,
53,11,defect,1.4210526315789473,,
53,12,defect,1.2105263157894737,,
53,13,cooperate,0.0,,
53,14,defect,1.2105263157894737,3.952152602746123,7.5879115579079235
53,15,defect,1.2105263157894737,3.6566889381367242,7.802249676477665
53,16,defect,1.0,4.210481687915202,7.232464214544486
53,17,defect,1.2105263157894737,4.27393650269984,7.73626465918886
53,18,defect,1.0,,
53,19,cooperate,0.15789473684210525,3.694140969503111,7.090746810532353
54,0,cooperate,0.3157894736842105,,
54,1,cooperate,0.15789473684210525,,
54,2,defect,1.2105263157894737,,
54,3,cooperate,0.15789473684210525,,
54,4,defect,1.631578947368421,,
54,5,defect,1.631578947368421,,
54,6,defect,1.631578947368421,,
54,7,cooperate,0.0,,
54,8,defect,1.4210526315789473,,
54,9,defect,1.2105263157894737,,
54,10,defect,1.4210526315789473,,
54,11,defect,1.4210526315789473,,
54,12,defect,1.2105263157894737,,
54,13,defect,1.0,,
54,14,defect,1.2105263157894737,3.952152602746123,7.5879115579079235
54,15,defect,1.0,3.6566889381367242,7.802249676477665
54,16,defect,1.2105263157894737,4.210481687915202,7.232464214544486
54,17,defect,1.2105263157894737,4.27393650269984,7.73626465918886
54,18,defect,1.2105263157894737,,
54,19,defect,1.2105263157894737,3.694140969503111,7.090746810532353
55,0,defect,1.8421052631578947,,
55,1,defect,1.631578947368421,,
55,2,cooperate,0.15789473684210525,,
55,3,defect,1.0,,
55,4,defect,1.2105263157894737,,
55,5,defect,1.2105263157894737,,
55,6,cooperate,0.3157894736842105,,
55,7,defect,1.2105263157894737,,
55,8,cooperate,0.15789473684210525,,
55,9,defect,1.2105263157894737,,
55,10,cooperate,0.0,,
55,11,defect,1.2105263157894737,,
55,12,defect,1.0,,
55,13,defect,1.2105263157894737,,
55,14,defect,1.2105263157894737,3.952152602746123,7.5879115579079235
55,15,defect,1.2105263157894737,3.6566889381367242,7.802249676477665
55,16,defect,1.2105263157894737,4.210481687915202,7.232464214544486
55,17,defect,1.0,4.27393650269984,7.73626465918886
55,18,defect,1.2105263157894737,,
55,19,defect,1.0,3.694140969503111,7.090746810532353
56,0,defect,2.263157894736842,,
56,1,defect,1.631578947368421,,
56,2,cooperate,0.15789473684210525,,
56,3,cooperate,0.15789473684210525,,
56,4,cooperate,0.631578947368421,,
56,5,cooperate,0.47368421052631576,,
56,6,defect,1.8421052631578947,,
56,7,cooperate,0.3157894736842105,,
56,8,defect,1.0,,
56,9,defect,1.4210526315789473,,
56,10,cooperate,0.15789473684210525,,
56,11,cooperate,0.3157894736842105,,
56,12,defect,1.4210526315789473,,
56,13,cooperate,0.3157894736842105,,
56,14,defect,1.4210526315789473,3.952152602746123,7.5879115579079235
56,15,defect,1.631578947368421,3.6566889381367242,7.802249676477665
56,16,defect,1.2105263157894737,4.210481687915202,7.232464214544486
56,17,defect,1.631578947368421,4.27393650269984,7.73626465918886
56,18,defect,1.2105263157894737,,
56,19,defect,1.2105263157894737,3.694140969503111,7.090746810532353
57,0,cooperate,1.1052631578947367,,
57,1,cooperate,0.47368421052631576,,
57,2,cooperate,0.47368421052631576,,
57,3,cooperate,0.15789473684210525,,
57,4,defect,1.8421052631578947,,
57,5,defect,1.8421052631578947,,
57,6,defect,1.8421052631578947,,
57,7,defect,1.0,,
57,8,cooperate,0.3157894736842105,,
57,9,cooperate,0.3157894736842105,,
57,10,cooperate,0.3157894736842105,,
57,11,defect,1.4210526315789473,,
57,12,defect,1.2105263157894737,,
57,13,defect,1.0,,
57,14,cooperate,0.3157894736842105,3.952152602746123,7.5879115579079235
57,15,defect,1.2105263157894737,3.6566889381367242,7.802249676477665
57,16,defect,1.2105263157894737,4.210481687915202,7.232464214544486
57,17,defect,1.0,4.27393650269984,7.73626465918886
57,18,defect,1.4210526315789473,,
57,19,defect,1.2105263157894737,3.694140969503111,7.090746810532353
58,0,defect,2.6842105263157894,,
58,1,defect,2.263157894736842,,
58,2,cooperate,0.3157894736842105,,
58,3,cooperate,0.3157894736842105,,
58,4,cooperate,0.3157894736842105,,
58,5,cooperate,0.3157894736842105,,
58,6,cooperate,0.7894736842105263,,
58,7,defect,1.631578947368421,,
58,8,cooperate,0.15789473684210525,,
58,9,defect,1.631578947368421,,
58,10,cooperate,0.15789473684210525,,
58,11,cooperate,0.47368421052631576,,
58,12,defect,1.4210526315789473,,
58,13,defect,1.631578947368421,,
58,14,defect,1.4210526315789473,3.952152602746123,7.5879115579079235
58,15,defect,1.631578947368421,3.6566889381367242,7.802249676477665
58,16,cooperate,0.3157894736842105,4.210481687915202,7.232464214544486
58,17,defect,1.4210526315789473,4.27393650269984,7.73626465918886
58,18,cooperate,0.3157894736842105,,
58,19,defect,1.2105263157894737,3.694140969503111,7.090746810532353
59,0,cooperate,1.263157894736842,,
59,1,defect,2.052631578947368,,
59,2,cooperate,0.47368421052631576,,
59,3,defect,1.4210526315789473,,
59,4,defect,2.052631578947368,,
59,5,cooperate,0.7894736842105263,,
59,6,cooperate,0.9473684210526315,,
59,7,cooperate,0.3157894736842105,,
59,8,cooperate,0.3157894736842105,,
59,9,cooperate,0.47368421052631576,,
59,10,cooperate,0.3157894736842105,,
59,11,cooperate,0.47368421052631576,,
59,12,defect,1.631578947368421,,
59,13,cooperate,0.3157894736842105,,
59,14,defect,1.4210526315789473,3.952152602746123,7.5879115579079235
59,15,defect,1.631578947368421,3.6566889381367242,7.802249676477665
59,16,defect,1.4210526315789473,4.210481687915202,7.232464214544486
59,17,defect,1.4210526315789473,4.27393650269984,7.73626465918886
59,18,defect,1.4210526315789473,,
59,19,cooperate,0.3157894736842105,3.694140969503111,7.090746810532353
60,0,defect,2.052631578947368,,
60,1,defect,1.631578947368421,,
60,2,defect,1.0,,
60,3,cooperate,0.3157894736842105,,
60,4,defect,1.4210526315789473,,
60,5,cooperate,0.15789473684210525,,
60,6,defect,1.8421052631578947,,
60,7,defect,1.2105263157894737,,
60,8,cooperate,0.0,,
60,9,defect,1.4210526315789473,,
60,10,cooperate,0.15789473684210525,,
60,11,cooperate,0.3157894736842105,,
60,12,defect,1.4210526315789473,,
60,13,cooperate,0.15789473684210525,,
60,14,defect,1.0,3.952152602746123,7.5879115579079235
60,15,defect,1.4210526315789473,3.6566889381367242,7.802249676477665
60,16,defect,1.2105263157894737,4.210481687915202,7.232464214544486
60,17,defect,1.2105263157894737,4.27393650269984,7.73626465918886
60,18,cooperate,0.15789473684210525,,
60,19,defect,1.2105263157894737,3.694140969503111,7.090746810532353
61,0,defect,1.8421052631578947,,
61,1,cooperate,0.0,,
61,2,defect,1.2105263157894737,,
61,3,cooperate,0.15789473684210525,,
61,4,defect,1.2105263157894737,,
61,5,defect,1.4210526315789473,,
61,6,defect,1.4210526315789473,,
61,7,defect,1.0,,
61,8,defect,1.2105263157894737,,
61,9,cooperate,0.0,,
61,10,defect,1.2105263157894737,,
61,11,cooperate,0.15789473684210525,,
61,12,defect,1.2105263157894737,,
61,13,defect,1.2105263157894737,,
61,14,defect,1.0,3.952152602746123,7.5879115579079235
61,15,defect,1.2105263157894737,3.6566889381367242,7.802249676477665
61,16,defect,1.4210526315789473,4.210481687915202,7.232464214544486
61,17,defect,1.2105263157894737,4.27393650269984,7.73626465918886
61,18,defect,1.4210526315789473,,
61,19,defect,1.0,3.694140969503111,7.090746810532353
62,0,cooperate,0.9473684210526315,,
62,1,cooperate,0.47368421052631576,,
62,2,defect,1.8421052631578947,,
62,3,cooperate,0.3157894736842105,,
62,4,cooperate,0.631578947368421,,
62,5,defect,2.263157894736842,,
62,6,cooperate,0.7894736842105263,,
62,7,cooperate,0.3157894736842105,,
62,8,defect,1.631578947368421,,
62,9,cooperate,0.3157894736842105,,
62,10,defect,1.4210526315789473,,
62,11,defect,1.8421052631578947,,
62,12,defect,1.2105263157894737,,
62,13,cooperate,0.3157894736842105,,
62,14,defect,1.4210526315789473,3.952152602746123,7.5879115579079235
62,15,defect,1.4210526315789473,3.6566889381367242,7.802249676477665
62,16,defect,1.4210526315789473,4.210481687915202,7.232464214544486
62,17,defect,1.4210526315789473,4.27393650269984,7.73626465918886
62,18,cooperate,0.47368421052631576,,
62,19,cooperate,0.15789473684210525,3.694140969503111,7.090746810532353
63,0,cooperate,0.7894736842105263,,
63,1,defect,1.8421052631578947,,
63,2,cooperate,0.3157894736842105,,
63,3,defect,1.631578947368421,,
63,4,cooperate,0.7894736842105263,,
63,5,cooperate,0.47368421052631576,,
63,6,defect,2.473684210526316,,
63,7,cooperate,0.3157894736842105,,
63,8,cooperate,0.15789473684210525,,
63,9,defect,1.8421052631578947,,
63,10,defect,1.4210526315789473,,
63,11,cooperate,0.3157894736842105,,
63,12,defect,1.631578947368421,,
63,13,cooperate,0.3157894736842105,,
63,14,defect,1.631578947368421,3.952152602746123,7.5879115579079235
63,15,defect,1.4210526315789473,3.6566889381367242,7.802249676477665
63,16,defect,1.2105263157894737,4.210481687915202,7.232464214544486
63,17,defect,1.631578947368421,4.27393650269984,7.73626465918886
63,18,cooperate,0.0,,
63,19,defect,1.4210526315789473,3.694140969503111,7.090746810532353
64,0,cooperate,1.4210526315789473,,
64,1,defect,2.263157894736842,,
64,2,cooperate,0.47368421052631576,,
64,3,cooperate,0.3157894736842105,,
64,4,cooperate,0.631578947368421,,
64,5,cooperate,0.631578947368421,,
64,6,cooperate,0.9473684210526315,,
64,7,defect,1.631578947368421,,
64,8,cooperate,0.3157894736842105,,
64,9,defect,1.631578947368421,,
64,10,defect,1.4210526315789473,,
64,11,cooperate,0.9473684210526315,,
64,12,cooperate,0.47368421052631576,,
64,13,cooperate,0.47368421052631576,,
64,14,defect,1.631578947368421,3.952152602746123,7.5879115579079235
64,15,defect,1.631578947368421,3.6566889381367242,7.802249676477665
64,16,cooperate,0.3157894736842105,4.210481687915202,7.232464214544486
64,17,defect,1.4210526315789473,4.27393650269984,7.73626465918886
64,18,defect,1.4210526315789473,,
64,19,cooperate,0.3157894736842105,3.694140969503111,7.090746810532353
65,0,defect,2.263157894736842,,
65,1,cooperate,0.3157894736842105,,
65,2,cooperate,0.15789473684210525,,
65,3,cooperate,0.15789473684210525,,
65,4,cooperate,0.47368421052631576,,
65,5,defect,1.8421052631578947,,
65,6,defect,2.052631578947368,,
65,7,cooperate,0.15789473684210525,,
65,8,defect,1.2105263157894737,,
65,9,defect,1.2105263157894737,,
65,10,defect,1.2105263157894737,,
65,11,cooperate,0.47368421052631576,,
65,12,cooperate,0.15789473684210525,,
65,13,defect,1.4210526315789473,,
65,14,defect,1.4210526315789473,3.952152602746123,7.5879115579079235
65,15,defect,1.4210526315789473,3.6566889381367242,7.802249676477665
65,16,cooperate,0.3157894736842105,4.210481687915202,7.232464214544486
65,17,defect,1.631578947368421,4.27393650269984,7.73626465918886
65,18,defect,1.2105263157894737,,
65,19,defect,1.0,3.694140969503111,7.090746810532353
66,0,cooperate,1.263157894736842,,
66,1,cooperate,0.631578947368421,,
66,2,defect,1.631578947368421,,
66,3,cooperate,0.15789473684210525,,
66,4,cooperate,0.7894736842105263,,
66,5,cooperate,1.263157894736842,,
66,6,defect,1.8421052631578947,,
66,7,cooperate,0.3157894736842105,,
66,8,defect,1.4210526315789473,,
66,9,cooperate,0.3157894736842105,,
66,10,cooperate,0.47368421052631576,,
66,11,defect,1.8421052631578947,,
66,12,cooperate,0.3157894736842105,,
66,13,cooperate,0.15789473684210525,,
66,14,defect,1.4210526315789473,3.952152602746123,7.5879115579079235
66,15,defect,1.631578947368421,3.6566889381367242,7.802249676477665
66,16,defect,1.2105263157894737,4.210481687915202,7.232464214544486
66,17,defect,1.4210526315789473,4.27393650269984,7.73626465918886
66,18,defect,1.4210526315789473,,
66,19,cooperate,0.3157894736842105,3.694140969503111,7.090746810532353
67,0,cooperate,0.7894736842105263,,
67,1,defect,1.8421052631578947,,
67,2,defect,1.8421052631578947,,
67,3,cooperate,0.3157894736842105,,
67,4,cooperate,0.3157894736842105,,
67,5,defect,1.8421052631578947,,
67,6,cooperate,0.631578947368421,,
67,7,cooperate,0.3157894736842105,,
67,8,cooperate,0.3157894736842105,,
67,9,cooperate,0.3157894736842105,,
67,10,defect,1.2105263157894737,,
67,11,defect,1.631578947368421,,
67,12,defect,1.2105263157894737,,
67,13,defect,1.4210526315789473,,
67,14,defect,1.4210526315789473,3.952152602746123,7.5879115579079235
67,15,defect,1.2105263157894737,3.6566889381367242,7.802249676477665
67,16,defect,1.2105263157894737,4.210481687915202,7.232464214544486
67,17,defect,1.4210526315789473,4.27393650269984,7.73626465918886
67,18,cooperate,0.47368421052631576,,
67,19,defect,1.2105263157894737,3.694140969503111,7.090746810532353
68,0,cooperate,0.9473684210526315,,
68,1,defect,1.8421052631578947,,
68,2,cooperate,0.631578947368421,,
68,3,defect,1.4210526315789473,,
68,4,cooperate,0.631578947368421,,
68,5,defect,2.052631578947368,,
68,6,cooperate,0.631578947368421,,
68,7,cooperate,0.3157894736842105,,
68,8,defect,1.4210526315789473,,
68,9,defect,1.631578947368421,,
68,10,cooperate,0.15789473684210525,,
68,11,defect,1.631578947368421,,
68,12,cooperate,0.15789473684210525,,
68,13,defect,1.4210526315789473,,
68,14,cooperate,0.47368421052631576,3.952152602746123,7.5879115579079235
68,15,defect,1.4210526315789473,3.6566889381367242,7.802249676477665
68,16,defect,1.2105263157894737,4.210481687915202,7.232464214544486
68,17,defect,1.4210526315789473,4.27393650269984,7.73626465918886
68,18,cooperate,0.15789473684210525,,
68,19,defect,1.2105263157894737,3.694140969503111,7.090746810532353
69,0,cooperate,1.1052631578947367,,
69,1,defect,1.8421052631578947,,
69,2,cooperate,0.47368421052631576,,
69,3,defect,1.631578947368421,,
69,4,cooperate,0.631578947368421,,
69,5,cooperate,0.631578947368421,,
69,6,defect,2.263157894736842,,
69,7,defect,1.4210526315789473,,
69,8,cooperate,0.15789473684210525,,
69,9,cooperate,0.631578947368421,,
69,10,defect,1.4210526315789473,,
69,11,cooperate,0.47368421052631576,,
69,12,cooperate,0.47368421052631576,,
69,13,cooperate,0.3157894736842105,,
69,14,defect,1.631578947368421,3.952152602746123,7.5879115579079235
69,15,defect,1.4210526315789473,3.6566889381367242,7.802249676477665
69,16,defect,1.2105263157894737,4.210481687915202,7.232464214544486
69,17,defect,1.4210526315789473,4.27393650269984,7.73626465918886
69,18,cooperate,0.15789473684210525,,
69,19,defect,1.4210526315789473,3.694140969503111,7.090746810532353
70,0,cooperate,0.7894736842105263,,
70,1,defect,1.631578947368421,,
70,2,cooperate,0.15789473684210525,,
70,3,cooperate,0.3157894736842105,,
70,4,defect,1.631578947368421,,
70,5,cooperate,0.47368421052631576,,
70,6,defect,1.631578947368421,,
70,7,defect,1.2105263157894737,,
70,8,defect,1.2105263157894737,,
70,9,defect,1.8421052631578947,,
70,10,cooperate,0.3157894736842105,,
70,11,defect,1.631578947368421,,
70,12,cooperate,0.3157894736842105,,
70,13,defect,1.0,,
70,14,defect,1.4210526315789473,3.952152602746123,7.5879115579079235
70,15,defect,1.2105263157894737,3.6566889381367242,7.802249676477665
70,16,defect,1.0,4.210481687915202,7.232464214544486
70,17,defect,1.0,4.27393650269984,7.73626465918886
70,18,cooperate,0.15789473684210525,,
70,19,defect,1.4210526315789473,3.694140969503111,7.090746810532353
71,0,defect,2.473684210526316,,
71,1,cooperate,0.47368421052631576,,
71,2,cooperate,0.15789473684210525,,
71,3,defect,1.2105263157894737,,
71,4,cooperate,0.7894736842105263,,
71,5,cooperate,0.7894736842105263,,
71,6,defect,1.8421052631578947,,
71,7,cooperate,0.47368421052631576,,
71,8,defect,1.2105263157894737,,
71,9,defect,1.4210526315789473,,
71,10,cooperate,0.3157894736842105,,
71,11,cooperate,0.3157894736842105,,
71,12,cooperate,0.3157894736842105,,
71,13,defect,1.4210526315789473,,
71,14,defect,1.4210526315789473,3.952152602746123,7.5879115579079235
71,15,defect,1.631578947368421,3.6566889381367242,7.802249676477665
71,16,defect,1.4210526315789473,4.210481687915202,7.232464214544486
71,17,cooperate,0.47368421052631576,4.27393650269984,7.73626465918886
71,18,defect,1.0,,
71,19,defect,1.2105263157894737,3.694140969503111,7.090746810532353
72,0,cooperate,0.7894736842105263,,
72,1,defect,1.631578947368421,,
72,2,cooperate,0.3157894736842105,,
72,3,cooperate,0.3157894736842105,,
72,4,defect,1.8421052631578947,,
72,5,cooperate,0.3157894736842105,,
72,6,cooperate,0.631578947368421,,
72,7,cooperate,0.3157894736842105,,
72,8,defect,1.4210526315789473,,
72,9,defect,1.631578947368421,,
72,10,defect,1.4210526315789473,,
72,11,cooperate,0.47368421052631576,,
72,12,defect,1.631578947368421,,
72,13,defect,1.4210526315789473,,
72,14,defect,1.4210526315789473,3.952152602746123,7.5879115579079235
72,15,defect,1.2105263157894737,3.6566889381367242,7.802249676477665
72,16,defect,1.4210526315789473,4.210481687915202,7.232464214544486
72,17,defect,1.4210526315789473,4.27393650269984,7.73626465918886
72,18,defect,1.4210526315789473,,
72,19,defect,1.4210526315789473,3.694140969503111,7.090746810532353
73,0,cooperate,0.631578947368421,,
73,1,defect,1.631578947368421,,
73,2,defect,1.631578947368421,,
73,3,defect,1.631578947368421,,
73,4,cooperate,0.47368421052631576,,
73,5,defect,1.631578947368421,,
73,6,cooperate,0.631578947368421,,
73,7,defect,1.631578947368421,,
73,8,defect,1.4210526315789473,,
73,9,defect,1.4210526315789473,,
73,10,defect,1.2105263157894737,,
73,11,cooperate,0.7894736842105263,,
73,12,cooperate,0.3157894736842105,,
73,13,cooperate,0.47368421052631576,,
73,14,defect,1.4210526315789473,3.952152602746123,7.5879115579079235
73,15,defect,1.4210526315789473,3.6566889381367242,7.802249676477665
73,16,defect,1.4210526315789473,4.210481687915202,7.232464214544486
73,17,cooperate,0.3157894736842105,4.27393650269984,7.73626465918886
73,18,cooperate,0.15789473684210525,,
73,19,defect,1.2105263157894737,3.694140969503111,7.090746810532353
74,0,cooperate,0.9473684210526315,,
74,1,defect,2.052631578947368,,
74,2,defect,1.8421052631578947,,
74,3,defect,1.4210526315789473,,
74,4,cooperate,0.3157894736842105,,
74,5,cooperate,0.631578947368421,,
74,6,cooperate,0.3157894736842105,,
74,7,defect,1.631578947368421,,
74,8,defect,1.4210526315789473,,
74,9,cooperate,0.3157894736842105,,
74,10,cooperate,0.3157894736842105,,
74,11,cooperate,0.3157894736842105,,
74,12,defect,1.631578947368421,,
74,13,defect,1.631578947368421,,
74,14,defect,1.4210526315789473,3.952152602746123,7.5879115579079235
74,15,defect,1.631578947368421,3.6566889381367242,7.802249676477665
74,16,defect,1.4210526315789473,4.210481687915202,7.232464214544486
74,17,defect,1.4210526315789473,4.27393650269984,7.73626465918886
74,18,defect,1.4210526315789473,,
74,19,defect,1.4210526315789473,3.694140969503111,7.090746810532353
75,0,cooperate,0.7894736842105263,,
75,1,defect,1.631578947368421,,
75,2,cooperate,0.631578947368421,,
75,3,defect,1.4210526315789473,,
75,4,cooperate,0.9473684210526315,,
75,5,defect,1.8421052631578947,,
75,6,defect,2.263157894736842,,
75,7,cooperate,0.3157894736842105,,
75,8,cooperate,0.15789473684210525,,
75,9,cooperate,0.47368421052631576,,
75,10,defect,1.2105263157894737,,
75,11,defect,1.631578947368421,,
75,12,defect,1.2105263157894737,,
75,13,cooperate,0.15789473684210525,,
75,14,cooperate,0.47368421052631576,3.952152602746123,7.5879115579079235
75,15,defect,1.2105263157894737,3.6566889381367242,7.802249676477665
75,16,defect,1.0,4.210481687915202,7.232464214544486
75,17,cooperate,0.3157894736842105,4.27393650269984,7.73626465918886
75,18,cooperate,0.15789473684210525,,
75,19,defect,1.2105263157894737,3.694140969503111,7.090746810532353
76,0,cooperate,0.7894736842105263,,
76,1,cooperate,0.3157894736842105,,
76,2,defect,1.631578947368421,,
76,3,defect,1.631578947368421,,
76,4,cooperate,0.7894736842105263,,
76,5,defect,1.8421052631578947,,
76,6,defect,2.052631578947368,,
76,7,defect,1.4210526315789473,,
76,8,defect,1.4210526315789473,,
76,9,defect,1.4210526315789473,,
76,10,defect,1.4210526315789473,,
76,11,cooperate,0.631578947368421,,
76,12,cooperate,0.3157894736842105,,
76,13,cooperate,0.3157894736842105,,
76,14,cooperate,0.3157894736842105,3.952152602746123,7.5879115579079235
76,15,defect,1.4210526315789473,3.6566889381367242,7.802249676477665
76,16,defect,1.4210526315789473,4.210481687915202,7.232464214544486
76,17,cooperate,0.3157894736842105,4.27393650269984,7.73626465918886
76,18,cooperate,0.0,,
76,19,defect,1.2105263157894737,3.694140969503111,7.090746810532353
77,0,defect,1.8421052631578947,,
77,1,defect,1.631578947368421,,
77,2,defect,1.4210526315789473,,
77,3,defect,1.2105263157894737,,
77,4,cooperate,0.3157894736842105,,
77,5,defect,1.2105263157894737,,
77,6,cooperate,0.3157894736842105,,
77,7,defect,1.631578947368421,,
77,8,cooperate,0.15789473684210525,,
77,9,defect,1.0,,
77,10,defect,1.2105263157894737,,
77,11,cooperate,0.47368421052631576,,
77,12,defect,1.2105263157894737,,
77,13,defect,1.631578947368421,,
77,14,defect,1.2105263157894737,3.952152602746123,7.5879115579079235
77,15,cooperate,0.3157894736842105,3.6566889381367242,7.802249676477665
77,16,defect,1.4210526315789473,4.210481687915202,7.232464214544486
77,17,cooperate,0.3157894736842105,4.27393650269984,7.73626465918886
77,18,defect,1.2105263157894737,,
77,19,defect,1.2105263157894737,3.694140969503111,7.090746810532353
78,0,cooperate,0.7894736842105263,,
78,1,cooperate,0.47368421052631576,,
78,2,defect,1.631578947368421,,
78,3,cooperate,0.15789473684210525,,
78,4,cooperate,0.47368421052631576,,
78,5,defect,1.8421052631578947,,
78,6,defect,1.8421052631578947,,
78,7,defect,1.2105263157894737,,
78,8,cooperate,0.3157894736842105,,
78,9,cooperate,0.15789473684210525,,
78,10,defect,1.4210526315789473,,
78,11,defect,1.631578947368421,,
78,12,defect,1.2105263157894737,,
78,13,cooperate,0.15789473684210525,,
78,14,defect,1.4210526315789473,3.952152602746123,7.5879115579079235
78,15,defect,1.2105263157894737,3.6566889381367242,7.802249676477665
78,16,defect,1.2105263157894737,4.210481687915202,7.232464214544486
78,17,defect,1.2105263157894737,4.27393650269984,7.73626465918886
78,18,defect,1.4210526315789473,,
78,19,defect,1.2105263157894737,3.694140969503111,7.090746810532353
79,0,defect,2.263157894736842,,
79,1,cooperate,0.3157894736842105,,
79,2,cooperate,0.3157894736842105,,
79,3,defect,1.0,,
79,4,cooperate,0.3157894736842105,,
79,5,defect,2.052631578947368,,
79,6,defect,1.4210526315789473,,
79,7,defect,1.2105263157894737,,
79,8,defect,1.2105263157894737,,
79,9,cooperate,0.15789473684210525,,
79,10,cooperate,0.15789473684210525,,
79,11,defect,1.2105263157894737,,
79,12,cooperate,0.0,,
79,13,defect,1.2105263157894737,,
79,14,defect,1.4210526315789473,3.952152602746123,7.5879115579079235
79,15,defect,1.4210526315789473,3.6566889381367242,7.802249676477665
79,16,defect,1.2105263157894737,4.210481687915202,7.232464214544486
79,17,defect,1.2105263157894737,4.27393650269984,7.73626465918886
79,18,defect,1.2105263157894737,,
79,19,defect,1.0,3.694140969503111,7.090746810532353
80,0,defect,2.263157894736842,,
80,1,cooperate,0.47368421052631576,,
80,2,cooperate,0.15789473684210525,,
80,3,cooperate,0.0,,
80,4,cooperate,0.47368421052631576,,
80,5,defect,1.8421052631578947,,
80,6,defect,1.8421052631578947,,
80,7,cooperate,0.15789473684210525,,
80,8,cooperate,0.15789473684210525,,
80,9,defect,1.2105263157894737,,
80,10,cooperate,0.15789473684210525,,
80,11,defect,1.2105263157894737,,
80,12,defect,1.0,,
80,13,defect,1.2105263157894737,,
80,14,defect,1.4210526315789473,3.952152602746123,7.5879115579079235
80,15,defect,1.4210526315789473,3.6566889381367242,7.802249676477665
80,16,defect,1.2105263157894737,4.210481687915202,7.232464214544486
80,17,defect,1.4210526315789473,4.27393650269984,7.73626465918886
80,18,defect,1.2105263157894737,,
80,19,defect,1.0,3.694140969503111,7.090746810532353
81,0,cooperate,1.4210526315789473,,
81,1,cooperate,0.7894736842105263,,
81,2,cooperate,0.631578947368421,,
81,3,cooperate,0.15789473684210525,,
81,4,cooperate,0.631578947368421,,
81,5,defect,2.473684210526316,,
81,6,cooperate,0.9473684210526315,,
81,7,cooperate,0.3157894736842105,,
81,8,cooperate,0.47368421052631576,,
81,9,cooperate,0.3157894736842105,,
81,10,defect,1.4210526315789473,,
81,11,defect,2.052631578947368,,
81,12,cooperate,0.15789473684210525,,
81,13,defect,1.4210526315789473,,
81,14,defect,1.631578947368421,3.952152602746123,7.5879115579079235
81,15,defect,1.4210526315789473,3.6566889381367242,7.802249676477665
81,16,cooperate,0.3157894736842105,4.210481687915202,7.232464214544486
81,17,defect,1.4210526315789473,4.27393650269984,7.73626465918886
81,18,defect,1.631578947368421,,
81,19,cooperate,0.15789473684210525,3.694140969503111,7.090746810532353
82,0,defect,2.263157894736842,,
82,1,defect,1.631578947368421,,
82,2,defect,1.4210526315789473,,
82,3,cooperate,0.3157894736842105,,
82,4,defect,1.4210526315789473,,
82,5,defect,1.4210526315789473,,
82,6,cooperate,0.631578947368421,,
82,7,defect,1.4210526315789473,,
82,8,cooperate,0.15789473684210525,,
82,9,cooperate,0.15789473684210525,,
82,10,cooperate,0.0,,
82,11,cooperate,0.631578947368421,,
82,12,defect,1.2105263157894737,,
82,13,cooperate,0.3157894736842105,,
82,14,defect,1.0,3.952152602746123,7.5879115579079235
82,15,defect,1.4210526315789473,3.6566889381367242,7.802249676477665
82,16,defect,1.4210526315789473,4.210481687915202,7.232464214544486
82,17,cooperate,0.15789473684210525,4.27393650269984,7.73626465918886
82,18,cooperate,0.47368421052631576,,
82,19,defect,1.0,3.694140969503111,7.090746810532353
83,0,defect,1.8421052631578947,,
83,1,cooperate,0.15789473684210525,,
83,2,defect,1.2105263157894737,,
83,3,defect,1.4210526315789473,,
83,4,defect,1.4210526315789473,,
83,5,defect,1.631578947368421,,
83,6,defect,1.8421052631578947,,
83,7,defect,1.0,,
83,8,defect,1.2105263157894737,,
83,9,cooperate,0.15789473684210525,,
83,10,cooperate,0.15789473684210525,,
83,11,cooperate,0.15789473684210525,,
83,12,defect,1.2105263157894737,,
83,13,cooperate,0.15789473684210525,,
83,14,defect,1.0,3.952152602746123,7.5879115579079235
83,15,defect,1.4210526315789473,3.6566889381367242,7.802249676477665
83,16,defect,1.4210526315789473,4.210481687915202,7.232464214544486
83,17,defect,1.2105263157894737,4.27393650269984,7.73626465918886
83,18,cooperate,0.15789473684210525,,
83,19,defect,1.0,3.694140969503111,7.090746810532353
84,0,cooperate,1.1052631578947367,,
84,1,cooperate,0.9473684210526315,,
84,2,defect,1.631578947368421,,
84,3,cooperate,0.3157894736842105,,
84,4,cooperate,0.47368421052631576,,
84,5,cooperate,0.631578947368421,,
84,6,cooperate,0.631578947368421,,
84,7,defect,1.631578947368421,,
84,8,cooperate,0.47368421052631576,,
84,9,defect,1.631578947368421,,
84,10,cooperate,0.47368421052631576,,
84,11,defect,1.631578947368421,,
84,12,defect,1.4210526315789473,,
84,13,defect,1.4210526315789473,,
84,14,defect,1.4210526315789473,3.952152602746123,7.5879115579079235
84,15,defect,1.4210526315789473,3.6566889381367242,7.802249676477665
84,16,defect,1.4210526315789473,4.210481687915202,7.232464214544486
84,17,defect,1.2105263157894737,4.27393650269984,7.73626465918886
84,18,cooperate,0.3157894736842105,,
84,19,defect,1.4210526315789473,3.694140969503111,7.090746810532353
85,0,defect,2.263157894736842,,
85,1,cooperate,0.3157894736842105,,
85,2,cooperate,0.3157894736842105,,
85,3,defect,1.4210526315789473,,
85,4,defect,1.631578947368421,,
85,5,defect,1.631578947368421,,
85,6,cooperate,0.9473684210526315,,
85,7,cooperate,0.15789473684210525,,
85,8,cooperate,0.3157894736842105,,
85,9,cooperate,0.3157894736842105,,
85,10,defect,1.2105263157894737,,
85,11,cooperate,0.15789473684210525,,
85,12,defect,1.2105263157894737,,
85,13,defect,1.4210526315789473,,
85,14,defect,1.2105263157894737,3.952152602746123,7.5879115579079235
85,15,defect,1.2105263157894737,3.6566889381367242,7.802249676477665
85,16,defect,1.631578947368421,4.210481687915202,7.232464214544486
85,17,defect,1.4210526315789473,4.27393650269984,7.73626465918886
85,18,cooperate,0.3157894736842105,,
85,19,defect,1.0,3.694140969503111,7.090746810532353
86,0,defect,2.473684210526316,,
86,1,defect,1.4210526315789473,,
86,2,cooperate,0.631578947368421,,
86,3,cooperate,0.0,,
86,4,cooperate,0.631578947368421,,
86,5,defect,1.8421052631578947,,
86,6,cooperate,0.47368421052631576,,
86,7,cooperate,0.3157894736842105,,
86,8,defect,1.2105263157894737,,
86,9,cooperate,0.15789473684210525,,
86,10,defect,1.0,,
86,11,defect,1.8421052631578947,,
86,12,cooperate,0.0,,
86,13,cooperate,0.3157894736842105,,
86,14,cooperate,0.3157894736842105,3.952152602746123,7.5879115579079235
86,15,defect,1.2105263157894737,3.6566889381367242,7.802249676477665
86,16,defect,1.2105263157894737,4.210481687915202,7.232464214544486
86,17,defect,1.4210526315789473,4.27393650269984,7.73626465918886
86,18,defect,1.631578947368421,,
86,19,defect,1.0,3.694140969503111,7.090746810532353
87,0,defect,2.052631578947368,,
87,1,cooperate,0.3157894736842105,,
87,2,defect,1.2105263157894737,,
87,3,cooperate,0.3157894736842105,,
87,4,cooperate,0.3157894736842105,,
87,5,defect,1.4210526315789473,,
87,6,defect,1.8421052631578947,,
87,7,defect,1.4210526315789473,,
87,8,cooperate,0.15789473684210525,,
87,9,defect,1.2105263157894737,,
87,10,defect,1.2105263157894737,,
87,11,cooperate,0.3157894736842105,,
87,12,defect,1.2105263157894737,,
87,13,defect,1.4210526315789473,,
87,14,defect,1.2105263157894737,3.952152602746123,7.5879115579079235
87,15,defect,1.4210526315789473,3.6566889381367242,7.802249676477665
87,16,defect,1.4210526315789473,4.210481687915202,7.232464214544486
87,17,cooperate,0.3157894736842105,4.27393650269984,7.73626465918886
87,18,cooperate,0.15789473684210525,,
87,19,defect,1.0,3.694140969503111,7.090746810532353
88,0,cooperate,0.47368421052631576,,
88,1,defect,1.4210526315789473,,
88,2,defect,1.631578947368421,,
88,3,cooperate,0.15789473684210525,,
88,4,defect,1.4210526315789473,,
88,5,defect,1.4210526315789473,,
88,6,cooperate,0.3157894736842105,,
88,7,defect,1.2105263157894737,,
88,8,defect,1.4210526315789473,,
88,9,cooperate,0.15789473684210525,,
88,10,defect,1.2105263157894737,,
88,11,defect,1.8421052631578947,,
88,12,defect,1.2105263157894737,,
88,13,cooperate,0.15789473684210525,,
88,14,defect,1.2105263157894737,3.952152602746123,7.5879115579079235
88,15,defect,1.0,3.6566889381367242,7.802249676477665
88,16,defect,1.2105263157894737,4.210481687915202,7.232464214544486
88,17,defect,1.0,4.27393650269984,7.73626465918886
88,18,defect,1.631578947368421,,
88,19,defect,1.2105263157894737,3.694140969503111,7.090746810532353
89,0,defect,1.631578947368421,,
89,1,defect,1.4210526315789473,,
89,2,defect,1.2105263157894737,,
89,3,defect,1.4210526315789473,,
89,4,defect,1.4210526315789473,,
89,5,defect,1.2105263157894737,,
89,6,cooperate,0.7894736842105263,,
89,7,cooperate,0.15789473684210525,,
89,8,cooperate,0.15789473684210525,,
89,9,defect,1.2105263157894737,,
89,10,defect,1.0,,
89,11,cooperate,0.3157894736842105,,
89,12,defect,1.2105263157894737,,
89,13,cooperate,0.3157894736842105,,
89,14,defect,1.0,3.952152602746123,7.5879115579079235
89,15,defect,1.2105263157894737,3.6566889381367242,7.802249676477665
89,16,defect,1.4210526315789473,4.210481687915202,7.232464214544486
89,17,defect,1.4210526315789473,4.27393650269984,7.73626465918886
89,18,cooperate,0.15789473684210525,,
89,19,defect,1.0,3.694140969503111,7.090746810532353
90,0,defect,2.263157894736842,,
90,1,cooperate,0.47368421052631576,,
90,2,defect,1.2105263157894737,,
90,3,cooperate,0.15789473684210525,,
90,4,cooperate,0.15789473684210525,,
90,5,defect,1.631578947368421,,
90,6,defect,1.8421052631578947,,
90,7,defect,1.2105263157894737,,
90,8,cooperate,0.15789473684210525,,
90,9,defect,1.0,,
90,10,defect,1.2105263157894737,,
90,11,cooperate,0.3157894736842105,,
90,12,defect,1.2105263157894737,,
90,13,defect,1.4210526315789473,,
90,14,defect,1.2105263157894737,3.952152602746123,7.5879115579079235
90,15,defect,1.631578947368421,3.6566889381367242,7.802249676477665
90,16,cooperate,0.3157894736842105,4.210481687915202,7.232464214544486
90,17,defect,1.4210526315789473,4.27393650269984,7.73626465918886
90,18,defect,1.2105263157894737,,
90,19,cooperate,0.0,3.694140969503111,7.090746810532353
91,0,cooperate,1.263157894736842,,
91,1,defect,1.8421052631578947,,
91,2,cooperate,0.47368421052631576,,
91,3,cooperate,0.47368421052631576,,
91,4,defect,2.052631578947368,,
91,5,cooperate,0.3157894736842105,,
91,6,cooperate,0.9473684210526315,,
91,7,defect,1.4210526315789473,,
91,8,cooperate,0.3157894736842105,,
91,9,defect,1.8421052631578947,,
91,10,defect,1.4210526315789473,,
91,11,cooperate,0.7894736842105263,,
91,12,cooperate,0.47368421052631576,,
91,13,cooperate,0.3157894736842105,,
91,14,cooperate,0.3157894736842105,3.952152602746123,7.5879115579079235
91,15,defect,1.2105263157894737,3.6566889381367242,7.802249676477665
91,16,defect,1.4210526315789473,4.210481687915202,7.232464214544486
91,17,defect,1.2105263157894737,4.27393650269984,7.73626465918886
91,18,cooperate,0.3157894736842105,,
91,19,defect,1.4210526315789473,3.694140969503111,7.090746810532353
92,0,cooperate,0.9473684210526315,,
92,1,cooperate,0.631578947368421,,
92,2,cooperate,0.3157894736842105,,
92,3,defect,1.4210526315789473,,
92,4,defect,2.052631578947368,,
92,5,cooperate,0.47368421052631576,,
92,6,cooperate,0.7894736842105263,,
92,7,defect,1.4210526315789473,,
92,8,defect,1.631578947368421,,
92,9,defect,1.631578947368421,,
92,10,cooperate,0.47368421052631576,,
92,11,cooperate,0.47368421052631576,,
92,12,defect,1.631578947368421,,
92,13,cooperate,0.3157894736842105,,
92,14,defect,1.4210526315789473,3.952152602746123,7.5879115579079235
92,15,defect,1.4210526315789473,3.6566889381367242,7.802249676477665
92,16,defect,1.631578947368421,4.210481687915202,7.232464214544486
92,17,defect,1.2105263157894737,4.27393650269984,7.73626465918886
92,18,defect,1.2105263157894737,,
92,19,defect,1.4210526315789473,3.694140969503111,7.090746810532353
93,0,defect,2.263157894736842,,
93,1,defect,1.631578947368421,,
93,2,cooperate,0.3157894736842105,,
93,3,cooperate,0.15789473684210525,,
93,4,cooperate,0.47368421052631576,,
93,5,cooperate,0.631578947368421,,
93,6,defect,1.631578947368421,,
93,7,cooperate,0.3157894736842105,,
93,8,defect,1.0,,
93,9,cooperate,0.47368421052631576,,
93,10,cooperate,0.15789473684210525,,
93,11,defect,1.2105263157894737,,
93,12,defect,1.2105263157894737,,
93,13,defect,1.2105263157894737,,
93,14,defect,1.4210526315789473,3.952152602746123,7.5879115579079235
93,15,defect,1.4210526315789473,3.6566889381367242,7.802249676477665
93,16,defect,1.0,4.210481687915202,7.232464214544486
93,17,defect,1.4210526315789473,4.27393650269984,7.73626465918886
93,18,cooperate,0.3157894736842105,,
93,19,defect,1.2105263157894737,3.694140969503111,7.090746810532353
94,0,defect,2.6842105263157894,,
94,1,defect,2.052631578947368,,
94,2,cooperate,0.3157894736842105,,
94,3,defect,1.2105263157894737,,
94,4,cooperate,0.631578947368421,,
94,5,cooperate,0.47368421052631576,,
94,6,defect,2.052631578947368,,
94,7,defect,1.4210526315789473,,
94,8,cooperate,0.0,,
94,9,defect,1.4210526315789473,,
94,10,cooperate,0.15789473684210525,,
94,11,cooperate,0.47368421052631576,,
94,12,cooperate,0.3157894736842105,,
94,13,cooperate,0.3157894736842105,,
94,14,cooperate,0.3157894736842105,3.952152602746123,7.5879115579079235
94,15,defect,1.631578947368421,3.6566889381367242,7.802249676477665
94,16,cooperate,0.15789473684210525,4.210481687915202,7.232464214544486
94,17,defect,1.4210526315789473,4.27393650269984,7.73626465918886
94,18,defect,1.0,,
94,19,defect,1.2105263157894737,3.694140969503111,7.090746810532353
95,0,defect,1.631578947368421,,
95,1,defect,1.631578947368421,,
95,2,defect,1.4210526315789473,,
95,3,defect,1.0,,
95,4,cooperate,0.3157894736842105,,
95,5,defect,1.2105263157894737,,
95,6,cooperate,0.3157894736842105,,
95,7,defect,1.631578947368421,,
95,8,cooperate,0.15789473684210525,,
95,9,defect,1.0,,
95,10,defect,1.0,,
95,11,defect,1.631578947368421,,
95,12,defect,1.0,,
95,13,cooperate,0.3157894736842105,,
95,14,defect,1.2105263157894737,3.952152602746123,7.5879115579079235
95,15,defect,1.2105263157894737,3.6566889381367242,7.802249676477665
95,16,defect,1.2105263157894737,4.210481687915202,7.232464214544486
95,17,cooperate,0.15789473684210525,4.27393650269984,7.73626465918886
95,18,defect,1.2105263157894737,,
95,19,defect,1.0,3.694140969503111,7.090746810532353
96,0,cooperate,1.263157894736842,,
96,1,cooperate,0.631578947368421,,
96,2,cooperate,0.47368421052631576,,
96,3,cooperate,0.3157894736842105,,
96,4,defect,2.052631578947368,,
96,5,defect,1.8421052631578947,,
96,6,cooperate,1.1052631578947367,,
96,7,defect,1.2105263157894737,,
96,8,cooperate,0.47368421052631576,,
96,9,cooperate,0.3157894736842105,,
96,10,defect,1.631578947368421,,
96,11,cooperate,0.9473684210526315,,
96,12,defect,1.4210526315789473,,
96,13,cooperate,0.3157894736842105,,
96,14,defect,1.4210526315789473,3.952152602746123,7.5879115579079235
96,15,cooperate,0.3157894736842105,3.6566889381367242,7.802249676477665
96,16,cooperate,0.47368421052631576,4.210481687915202,7.232464214544486
96,17,defect,1.2105263157894737,4.27393650269984,7.73626465918886
96,18,defect,1.631578947368421,,
96,19,cooperate,0.3157894736842105,3.694140969503111,7.090746810532353
97,0,cooperate,0.3157894736842105,,
97,1,cooperate,0.3157894736842105,,
97,2,defect,1.4210526315789473,,
97,3,defect,1.4210526315789473,,
97,4,defect,1.8421052631578947,,
97,5,defect,1.631578947368421,,
97,6,cooperate,0.7894736842105263,,
97,7,cooperate,0.15789473684210525,,
97,8,defect,1.631578947368421,,
97,9,defect,1.4210526315789473,,
97,10,defect,1.4210526315789473,,
97,11,defect,1.631578947368421,,
97,12,defect,1.2105263157894737,,
97,13,cooperate,0.15789473684210525,,
97,14,defect,1.2105263157894737,3.952152602746123,7.5879115579079235
97,15,defect,1.0,3.6566889381367242,7.802249676477665
97,16,defect,1.4210526315789473,4.210481687915202,7.232464214544486
97,17,defect,1.2105263157894737,4.27393650269984,7.73626465918886
97,18,cooperate,0.15789473684210525,,
97,19,defect,1.2105263157894737,3.694140969503111,7.090746810532353
98,0,cooperate,0.9473684210526315,,
98,1,defect,2.052631578947368,,
98,2,cooperate,0.47368421052631576,,
98,3,cooperate,0.15789473684210525,,
98,4,cooperate,0.7894736842105263,,
98,5,cooperate,0.47368421052631576,,
98,6,cooperate,0.47368421052631576,,
98,7,defect,1.631578947368421,,
98,8,defect,1.4210526315789473,,
98,9,defect,1.631578947368421,,
98,10,cooperate,0.47368421052631576,,
98,11,defect,2.052631578947368,,
98,12,defect,1.4210526315789473,,
98,13,cooperate,0.3157894736842105,,
98,14,defect,1.631578947368421,3.952152602746123,7.5879115579079235
98,15,cooperate,0.3157894736842105,3.6566889381367242,7.802249676477665
98,16,defect,1.2105263157894737,4.210481687915202,7.232464214544486
98,17,defect,1.2105263157894737,4.27393650269984,7.73626465918886
98,18,defect,1.4210526315789473,,
98,19,defect,1.631578947368421,3.694140969503111,7.090746810532353
99,0,defect,2.6842105263157894,,
99,1,cooperate,0.9473684210526315,,
99,2,defect,1.631578947368421,,
99,3,defect,1.0,,
99,4,cooperate,0.631578947368421,,
99,5,cooperate,0.7894736842105263,,
99,6,cooperate,0.631578947368421,,
99,7,defect,1.631578947368421,,
99,8,cooperate,0.3157894736842105,,
99,9,cooperate,0.15789473684210525,,
99,10,cooperate,0.47368421052631576,,
99,11,defect,2.052631578947368,,
99,12,cooperate,0.15789473684210525,,
99,13,cooperate,0.3157894736842105,,
99,14,defect,1.2105263157894737,3.952152602746123,7.5879115579079235
99,15,cooperate,0.3157894736842105,3.6566889381367242,7.802249676477665
99,16,cooperate,0.3157894736842105,4.210481687915202,7.232464214544486
99,17,defect,1.2105263157894737,4.27393650269984,7.73626465918886
99,18,defect,1.4210526315789473,,
99,19,defect,1.4210526315789473,3.694140969503111,7.090746810532353
